,소속회사명1,소속회사명2,동일인과의 관계1,동일인과의 관계2,동일인과의 관계3,성명,보통주 주식수,보통주 지분율,우선주 주식수,우선주 지분율,합계 주식수,합계 지분율,divisor,shares
0,비금융회사,롯데지주,동일인측,동일인,동일인,신동빈,12330941,11.75%,23085,2.34%,12354026,11.67%,105896860,0.11666092837880179
1,비금융회사,롯데지주,동일인측,친족,배우자/혈족1촌,신격호,3245425,3.09%,139847,14.16%,3385272,3.20%,105896860,0.03196763341235991
2,비금융회사,롯데지주,동일인측,친족,혈족2~4촌,신영자,2352422,2.24%,14814,1.50%,2367236,2.24%,105896860,0.02235416611975086
3,비금융회사,롯데지주,동일인측,친족,혈족2~4촌,신동주,171673,0.16%,0,0.00%,171673,0.16%,105896860,0.0016211339977408206
4,비금융회사,롯데지주,동일인측,친족,혈족2~4촌,장선윤,801,0.00%,0,0.00%,801,0.00%,105896860,7.563963652935507e-06
5,비금융회사,롯데지주,동일인측,친족,혈족2~4촌,장정안,77037,0.07%,0,0.00%,77037,0.07%,105896860,0.0007274719949203404
6,비금융회사,롯데지주,동일인측,친족,혈족2~4촌,신유미,42254,0.04%,0,0.00%,42254,0.04%,105896860,0.0003990108866306329
7,비금융회사,롯데지주,동일인측,친족,혈족5~6촌,조현욱,451,0.00%,2,0.00%,453,0.00%,105896860,4.277747234431692e-06
8,비금융회사,롯데지주,동일인측,친족,혈족5~6촌,신영우,34,0.00%,0,0.00%,34,0.00%,105896860,3.21067121348074e-07
9,비금융회사,롯데지주,동일인측,친족,혈족5~6촌,신복남,320,0.00%,0,0.00%,320,0.00%,105896860,3.021808200923049e-06
10,비금융회사,롯데지주,동일인측,친족,인척4촌 이내,오고 야요이,1792,0.00%,0,0.00%,1792,0.00%,105896860,1.6922125925169074e-05
11,비금융회사,롯데지주,동일인측,친족,인척4촌 이내,조용완,5,0.00%,3,0.00%,8,0.00%,105896860,7.554520502307623e-08
12,비금융회사,롯데지주,동일인측,친족,인척4촌 이내,박희청,320,0.00%,0,0.00%,320,0.00%,105896860,3.021808200923049e-06
13,비금융회사,롯데지주,동일인측,친족,친족합계,친족합계,5892534,5.62%,154666,15.66%,6047200,5.71%,105896860,0.05710462047694332
14,비금융회사,롯데지주,동일인측,비영리법인,비영리법인,(재)롯데문화재단,90869,0.09%,11728,1.19%,102597,0.10%,105896860,0.000968838924969069
15,비금융회사,롯데지주,동일인측,비영리법인,비영리법인,(재)롯데장학재단,3394589,3.24%,50516,5.11%,3445105,3.25%,105896860,0.03253264544387813
16,비금융회사,롯데지주,동일인측,비영리법인,비영리법인,사회복지법인 롯데삼동복지재단,54807,0.05%,0,0.00%,54807,0.05%,105896860,0.0005175507564624673
17,비금융회사,롯데지주,동일인측,등기된임원,등기된임원,박윤기,100,0.00%,0,0.00%,100,0.00%,105896860,9.443150627884528e-07
18,비금융회사,롯데지주,동일인측,등기된임원,등기된임원,황각규,3374,0.00%,0,0.00%,3374,0.00%,105896860,3.1861190218482396e-05
19,비금융회사,롯데지주,동일인측,등기된임원,등기된임원,윤종민,1000,0.00%,0,0.00%,1000,0.00%,105896860,9.443150627884529e-06
20,비금융회사,롯데지주,동일인측,등기된임원,등기된임원,송용덕,1400,0.00%,0,0.00%,1400,0.00%,105896860,1.322041087903834e-05
21,비금융회사,롯데지주,동일인측,등기된임원,등기된임원,강희태,127,0.00%,0,0.00%,127,0.00%,105896860,1.199280129741335e-06
22,비금융회사,롯데지주,동일인측,등기된임원,등기된임원,장호주,114,0.00%,0,0.00%,114,0.00%,105896860,1.0765191715788362e-06
23,비금융회사,롯데지주,동일인측,등기된임원,등기된임원,송정호,860,0.00%,0,0.00%,860,0.00%,105896860,8.121109539980694e-06
24,비금융회사,롯데지주,동일인측,등기된임원,등기된임원,최연수,551,0.00%,0,0.00%,551,0.00%,105896860,5.203175995964375e-06
25,비금융회사,롯데지주,동일인측,등기된임원,등기된임원,박인구,100,0.00%,0,0.00%,100,0.00%,105896860,9.443150627884528e-07
26,비금융회사,롯데지주,동일인측,등기된임원,등기된임원,이봉철,190,0.00%,0,0.00%,190,0.00%,105896860,1.7941986192980604e-06
27,비금융회사,롯데지주,동일인측,등기된임원,등기된임원,이동진,500,0.00%,0,0.00%,500,0.00%,105896860,4.721575313942264e-06
28,비금융회사,롯데지주,동일인측,등기된임원,등기된임원,유형주,81,0.00%,0,0.00%,81,0.00%,105896860,7.648952008586468e-07
29,비금융회사,롯데지주,동일인측,등기된임원,등기된임원,박상윤,72,0.00%,0,0.00%,72,0.00%,105896860,6.79906845207686e-07
30,비금융회사,롯데지주,동일인측,등기된임원,등기된임원,서광식,8,0.00%,0,0.00%,8,0.00%,105896860,7.554520502307623e-08
31,비금융회사,롯데지주,동일인측,등기된임원,등기된임원,장학영,100,0.00%,0,0.00%,100,0.00%,105896860,9.443150627884528e-07
32,비금융회사,롯데지주,동일인측,등기된임원,등기된임원,정찬우,5000,0.00%,0,0.00%,5000,0.00%,105896860,4.721575313942264e-05
33,비금융회사,롯데지주,동일인측,등기된임원,등기된임원,김민아,325,0.00%,0,0.00%,325,0.00%,105896860,3.0690239540624717e-06
34,비금융회사,롯데지주,동일인측,등기된임원,등기된임원,이갑,100,0.00%,0,0.00%,100,0.00%,105896860,9.443150627884528e-07
35,비금융회사,롯데지주,동일인측,등기된임원,등기된임원,황용석,18,0.00%,0,0.00%,18,0.00%,105896860,1.699767113019215e-07
36,비금융회사,롯데지주,동일인측,등기된임원,등기된임원,김태완,200,0.00%,0,0.00%,200,0.00%,105896860,1.8886301255769056e-06
37,비금융회사,롯데지주,동일인측,등기된임원,등기된임원,기원규,70,0.00%,0,0.00%,70,0.00%,105896860,6.61020543951917e-07
38,비금융회사,롯데지주,동일인측,등기된임원,등기된임원,오성엽,1000,0.00%,0,0.00%,1000,0.00%,105896860,9.443150627884529e-06
39,비금융회사,롯데지주,동일인측,등기된임원,등기된임원,김원재,177,0.00%,0,0.00%,177,0.00%,105896860,1.6714376611355616e-06
40,비금융회사,롯데지주,동일인측,등기된임원,등기된임원,추광식,365,0.00%,0,0.00%,365,0.00%,105896860,3.446749979177853e-06
41,비금융회사,롯데지주,동일인측,등기된임원,등기된임원,이형규,57,0.00%,0,0.00%,57,0.00%,105896860,5.382595857894181e-07
42,비금융회사,롯데지주,동일인측,등기된임원,등기된임원,이종현,600,0.00%,0,0.00%,600,0.00%,105896860,5.665890376730717e-06
43,비금융회사,롯데지주,동일인측,등기된임원,등기된임원,김재윤,0,0.00%,500,0.05%,500,0.00%,105896860,4.721575313942264e-06
44,비금융회사,롯데지주,동일인측,등기된임원,등기된임원,정부옥,400,0.00%,0,0.00%,400,0.00%,105896860,3.777260251153811e-06
45,비금융회사,롯데지주,동일인측,등기된임원,등기된임원,정경문,600,0.00%,0,0.00%,600,0.00%,105896860,5.665890376730717e-06
46,비금융회사,롯데지주,동일인측,등기된임원,등기된임원,이재홍,100,0.00%,0,0.00%,100,0.00%,105896860,9.443150627884528e-07
47,비금융회사,롯데지주,동일인측,등기된임원,등기된임원,백광현,200,0.00%,0,0.00%,200,0.00%,105896860,1.8886301255769056e-06
48,비금융회사,롯데지주,동일인측,등기된임원,등기된임원,구본욱,50,0.00%,0,0.00%,50,0.00%,105896860,4.721575313942264e-07
49,비금융회사,롯데지주,동일인측,등기된임원,등기된임원,박수성,70,0.00%,0,0.00%,70,0.00%,105896860,6.61020543951917e-07
50,비금융회사,롯데지주,동일인측,등기된임원,등기된임원,권오승,90,0.00%,0,0.00%,90,0.00%,105896860,8.498835565096076e-07
51,비금융회사,롯데지주,동일인측,등기된임원,등기된임원,김종길,639,0.00%,0,0.00%,639,0.00%,105896860,6.034173251218214e-06
52,비금융회사,롯데지주,동일인측,등기된임원,등기된임원,현종혁,45,0.00%,0,0.00%,45,0.00%,105896860,4.249417782548038e-07
53,비금융회사,롯데지주,동일인측,등기된임원,등기된임원,이병희,137,0.00%,0,0.00%,137,0.00%,105896860,1.2937116360201804e-06
54,비금융회사,롯데지주,동일인측,등기된임원,등기된임원,심명섭,200,0.00%,0,0.00%,200,0.00%,105896860,1.8886301255769056e-06
55,비금융회사,롯데지주,동일인측,등기된임원,등기된임원,이종환,25,0.00%,0,0.00%,25,0.00%,105896860,2.360787656971132e-07
56,비금융회사,롯데지주,동일인측,등기된임원,등기된임원,김세호,549,0.00%,0,0.00%,549,0.00%,105896860,5.184289694708606e-06
57,비금융회사,롯데지주,동일인측,등기된임원,등기된임원,김경봉,22,0.00%,0,0.00%,22,0.00%,105896860,2.0774931381345962e-07
58,비금융회사,롯데지주,동일인측,등기된임원,등기된임원,손명정,24,0.00%,0,0.00%,24,0.00%,105896860,2.266356150692287e-07
59,비금융회사,롯데지주,동일인측,등기된임원,등기된임원,손희영,250,0.00%,0,0.00%,250,0.00%,105896860,2.360787656971132e-06
60,비금융회사,롯데지주,동일인측,등기된임원,등기된임원,이호설,107,0.00%,0,0.00%,107,0.00%,105896860,1.0104171171836446e-06
61,비금융회사,롯데지주,동일인측,등기된임원,등기된임원,조한봉,7122,0.01%,0,0.00%,7122,0.01%,105896860,6.72541187717936e-05
62,비금융회사,롯데지주,동일인측,자기주식,자기주식,롯데지주,34103937,32.51%,280048,28.36%,34383985,32.47%,105896860,0.3246931495419222
63,비금융회사,롯데지주,동일인측,계열회사,계열회사,호텔롯데,11644662,11.10%,47735,4.83%,11692397,11.04%,105896860,0.11041306607202518
64,비금융회사,롯데지주,동일인측,계열회사,계열회사,부산롯데호텔,989749,0.94%,0,0.00%,989749,0.93%,105896860,0.009346348890798084
65,비금융회사,롯데지주,동일인측,계열회사,계열회사,롯데알미늄,5313478,5.06%,38854,3.93%,5352332,5.05%,105896860,0.05054287728644646
66,비금융회사,롯데지주,동일인측,해외계열,해외계열,L제2투자회사,1548547,1.48%,0,0.00%,1548547,1.46%,105896860,0.014623162575358702
67,비금융회사,롯데지주,동일인측,해외계열,해외계열,L제12투자회사,823865,0.79%,0,0.00%,823865,0.78%,105896860,0.007779881292042087
68,비금융회사,롯데지주,동일인측,해외계열,해외계열,롯데홀딩스,2613965,2.49%,0,0.00%,2613965,2.47%,105896860,0.024684065231018182
69,비금융회사,롯데지주,동일인측,동일인측 합계,동일인측 합계,동일인측 합계,78829062,75.14%,607132,61.47%,79436194,75.01%,105896860,0.7501279452478572
70,비금융회사,롯데지주,기타주주,기타,기타,기타,26080175,24.86%,380491,38.53%,26460666,24.99%,105896860,0.2498720547521428
71,비금융회사,롯데지주,합계,합계,합계,롯데지주 합계,104909237,100.00%,987623,100.00%,105896860,100.00%,105896860,1.0
72,비금융회사,호텔롯데,동일인측,자기주식,자기주식,호텔롯데,173604,0.17%,0,0.00%,173604,0.17%,102349704,0.0016961846807099707
73,비금융회사,호텔롯데,동일인측,계열회사,계열회사,부산롯데호텔,566100,0.55%,0,0.00%,566100,0.55%,102349704,0.005531037002315121
74,비금융회사,호텔롯데,동일인측,해외계열,해외계열,롯데홀딩스,19515000,19.07%,0,0.00%,19515000,19.07%,102349704,0.19066982352972903
75,비금융회사,호텔롯데,동일인측,해외계열,해외계열,광윤사,5580000,5.45%,0,0.00%,5580000,5.45%,102349704,0.054518965682597384
76,비금융회사,호텔롯데,동일인측,해외계열,해외계열,L제1투자회사,8800000,8.60%,0,0.00%,8800000,8.60%,102349704,0.0859797308256016
77,비금융회사,호텔롯데,동일인측,해외계열,해외계열,L제2투자회사,3400000,3.32%,0,0.00%,3400000,3.32%,102349704,0.033219441455346076
78,비금융회사,호텔롯데,동일인측,해외계열,해외계열,L제4투자회사,16000000,15.63%,0,0.00%,16000000,15.63%,102349704,0.15632678331927566
79,비금융회사,호텔롯데,동일인측,해외계열,해외계열,L제5투자회사,3685000,3.60%,0,0.00%,3685000,3.60%,102349704,0.03600401228322067
80,비금융회사,호텔롯데,동일인측,해외계열,해외계열,L제6투자회사,4060000,3.97%,0,0.00%,4060000,3.97%,102349704,0.0396679212672662
81,비금융회사,호텔롯데,동일인측,해외계열,해외계열,L제7투자회사,9620000,9.40%,0,0.00%,9620000,9.40%,102349704,0.09399147847071448
82,비금융회사,호텔롯데,동일인측,해외계열,해외계열,L제8투자회사,5900000,5.76%,0,0.00%,5900000,5.76%,102349704,0.05764550134898289
83,비금융회사,호텔롯데,동일인측,해외계열,해외계열,L제9투자회사,10650000,10.41%,0,0.00%,10650000,10.41%,102349704,0.10405501514689286
84,비금융회사,호텔롯데,동일인측,해외계열,해외계열,L제10투자회사,4540000,4.44%,0,0.00%,4540000,4.44%,102349704,0.044357724766844464
85,비금융회사,호텔롯데,동일인측,해외계열,해외계열,L제11투자회사,3400000,3.32%,0,0.00%,3400000,3.32%,102349704,0.033219441455346076
86,비금융회사,호텔롯데,동일인측,해외계열,해외계열,L제12투자회사,4300000,4.20%,0,0.00%,4300000,4.20%,102349704,0.04201282301705533
87,비금융회사,호텔롯데,동일인측,해외계열,해외계열,패밀리,2160000,2.11%,0,0.00%,2160000,2.11%,102349704,0.021104115748102212
88,비금융회사,호텔롯데,동일인측,동일인측 합계,동일인측 합계,동일인측 합계,102349704,100.00%,0,0.00%,102349704,100.00%,102349704,1.0
89,비금융회사,호텔롯데,합계,합계,합계,호텔롯데 합계,102349704,100.00%,0,0.00%,102349704,100.00%,102349704,1.0
90,비금융회사,롯데면세점제주,동일인측,계열회사,계열회사,호텔롯데,200000,100.00%,0,0.00%,200000,100.00%,200000,1.0
91,비금융회사,롯데면세점제주,동일인측,동일인측 합계,동일인측 합계,동일인측 합계,200000,100.00%,0,0.00%,200000,100.00%,200000,1.0
92,비금융회사,롯데면세점제주,합계,합계,합계,롯데면세점제주 합계,200000,100.00%,0,0.00%,200000,100.00%,200000,1.0
93,비금융회사,부산롯데호텔,동일인측,자기주식,자기주식,부산롯데호텔,1000,0.00%,0,0.00%,1000,0.00%,24401000,4.098192697020614e-05
94,비금융회사,부산롯데호텔,동일인측,해외계열,해외계열,롯데홀딩스,11375000,46.62%,0,0.00%,11375000,46.62%,24401000,0.46616941928609484
95,비금융회사,부산롯데호텔,동일인측,해외계열,해외계열,광윤사,1666000,6.83%,0,0.00%,1666000,6.83%,24401000,0.06827589033236343
96,비금융회사,부산롯데호텔,동일인측,해외계열,해외계열,L제2투자회사,140000,0.57%,0,0.00%,140000,0.57%,24401000,0.00573746977582886
97,비금융회사,부산롯데호텔,동일인측,해외계열,해외계열,L제3투자회사,5020000,20.57%,0,0.00%,5020000,20.57%,24401000,0.2057292733904348
98,비금융회사,부산롯데호텔,동일인측,해외계열,해외계열,L제6투자회사,777000,3.18%,0,0.00%,777000,3.18%,24401000,0.03184295725585017
99,비금융회사,부산롯데호텔,동일인측,해외계열,해외계열,L제7투자회사,1570000,6.43%,0,0.00%,1570000,6.43%,24401000,0.06434162534322364
100,비금융회사,부산롯데호텔,동일인측,해외계열,해외계열,L제9투자회사,1480000,6.07%,0,0.00%,1480000,6.07%,24401000,0.060653251915905086
101,비금융회사,부산롯데호텔,동일인측,해외계열,해외계열,L제10투자회사,222000,0.91%,0,0.00%,222000,0.91%,24401000,0.009097987787385763
102,비금융회사,부산롯데호텔,동일인측,해외계열,해외계열,L제12투자회사,2150000,8.81%,0,0.00%,2150000,8.81%,24401000,0.0881111429859432
103,비금융회사,부산롯데호텔,동일인측,동일인측 합계,동일인측 합계,동일인측 합계,24401000,100.00%,0,0.00%,24401000,100.00%,24401000,1.0
104,비금융회사,부산롯데호텔,합계,합계,합계,부산롯데호텔 합계,24401000,100.00%,0,0.00%,24401000,100.00%,24401000,1.0
105,비금융회사,롯데물산,동일인측,동일인,동일인,신동빈,1026758,1.73%,0,0.00%,1026758,1.73%,59448880,0.017271275758264915
106,비금융회사,롯데물산,동일인측,친족,혈족2~4촌,신영자,2043454,3.44%,0,0.00%,2043454,3.44%,59448880,0.034373296856055155
107,비금융회사,롯데물산,동일인측,친족,혈족2~4촌,신동주,1028758,1.73%,0,0.00%,1028758,1.73%,59448880,0.01730491810779278
108,비금융회사,롯데물산,동일인측,친족,친족합계,친족합계,3072212,5.17%,0,0.00%,3072212,5.17%,59448880,0.05167821496384793
109,비금융회사,롯데물산,동일인측,계열회사,계열회사,호텔롯데,18508174,31.13%,0,0.00%,18508174,31.13%,59448880,0.3113292294152556
110,비금융회사,롯데물산,동일인측,해외계열,해외계열,롯데홀딩스,33881736,56.99%,0,0.00%,33881736,56.99%,59448880,0.5699306025613939
111,비금융회사,롯데물산,동일인측,해외계열,해외계열,L제3투자회사,2960000,4.98%,0,0.00%,2960000,4.98%,59448880,0.04979067730123764
112,비금융회사,롯데물산,동일인측,동일인측 합계,동일인측 합계,동일인측 합계,59448880,100.00%,0,0.00%,59448880,100.00%,59448880,1.0
113,비금융회사,롯데물산,합계,합계,합계,롯데물산 합계,59448880,100.00%,0,0.00%,59448880,100.00%,59448880,1.0
114,비금융회사,스마일위드,동일인측,계열회사,계열회사,호텔롯데,50000,100.00%,0,0.00%,50000,100.00%,50000,1.0
115,비금융회사,스마일위드,동일인측,동일인측 합계,동일인측 합계,동일인측 합계,50000,100.00%,0,0.00%,50000,100.00%,50000,1.0
116,비금융회사,스마일위드,합계,합계,합계,스마일위드 합계,50000,100.00%,0,0.00%,50000,100.00%,50000,1.0
117,비금융회사,롯데디에프리테일,동일인측,계열회사,계열회사,호텔롯데,15530350,97.79%,0,0.00%,15530350,97.79%,15881117,0.9779129515889846
118,비금융회사,롯데디에프리테일,동일인측,동일인측 합계,동일인측 합계,동일인측 합계,15530350,97.79%,0,0.00%,15530350,97.79%,15881117,0.9779129515889846
119,비금융회사,롯데디에프리테일,기타주주,기타,기타,기타,350767,2.21%,0,0.00%,350767,2.21%,15881117,0.02208704841101542
120,비금융회사,롯데디에프리테일,합계,합계,합계,롯데디에프리테일 합계,15881117,100.00%,0,0.00%,15881117,100.00%,15881117,1.0
121,비금융회사,롯데제과,동일인측,친족,배우자/혈족1촌,신격호,287408,4.48%,0,0.00%,287408,4.48%,6416717,0.04479050579914932
122,비금융회사,롯데제과,동일인측,친족,혈족2~4촌,신영자,106228,1.66%,0,0.00%,106228,1.66%,6416717,0.01655488312792975
123,비금융회사,롯데제과,동일인측,친족,혈족2~4촌,장정안,12964,0.20%,0,0.00%,12964,0.20%,6416717,0.0020203477884407246
124,비금융회사,롯데제과,동일인측,친족,인척4촌 이내,오고 야요이,302,0.00%,0,0.00%,302,0.00%,6416717,4.706456588314554e-05
125,비금융회사,롯데제과,동일인측,친족,친족합계,친족합계,406902,6.34%,0,0.00%,406902,6.34%,6416717,0.06341280128140293
126,비금융회사,롯데제과,동일인측,비영리법인,비영리법인,(재)롯데장학재단,365937,5.70%,0,0.00%,365937,5.70%,6416717,0.05702869551516765
127,비금융회사,롯데제과,동일인측,등기된임원,등기된임원,이경훤,100,0.00%,0,0.00%,100,0.00%,6416717,1.5584293338789913e-05
128,비금융회사,롯데제과,동일인측,등기된임원,등기된임원,정찬우,40,0.00%,0,0.00%,40,0.00%,6416717,6.233717335515966e-06
129,비금융회사,롯데제과,동일인측,등기된임원,등기된임원,민명기,400,0.01%,0,0.00%,400,0.01%,6416717,6.233717335515965e-05
130,비금융회사,롯데제과,동일인측,자기주식,자기주식,롯데제과,4578,0.07%,0,0.00%,4578,0.07%,6416717,0.0007134489490498023
131,비금융회사,롯데제과,동일인측,계열회사,계열회사,롯데지주,3106984,48.42%,0,0.00%,3106984,48.42%,6416717,0.4842015005492684
132,비금융회사,롯데제과,동일인측,계열회사,계열회사,호텔롯데,135239,2.11%,0,0.00%,135239,2.11%,6416717,0.02107604246844609
133,비금융회사,롯데제과,동일인측,계열회사,계열회사,롯데알미늄,643381,10.03%,0,0.00%,643381,10.03%,6416717,0.10026638232603993
134,비금융회사,롯데제과,동일인측,해외계열,해외계열,롯데홀딩스,416338,6.49%,0,0.00%,416338,6.49%,6416717,0.06488333520085116
135,비금융회사,롯데제과,동일인측,동일인측 합계,동일인측 합계,동일인측 합계,5079899,79.17%,0,0.00%,5079899,79.17%,6416717,0.7916663614742554
136,비금융회사,롯데제과,기타주주,기타,기타,기타,1336818,20.83%,0,0.00%,1336818,20.83%,6416717,0.20833363852574455
137,비금융회사,롯데제과,합계,합계,합계,롯데제과 합계,6416717,100.00%,0,0.00%,6416717,100.00%,6416717,1.0
138,비금융회사,롯데칠성음료,동일인측,동일인,동일인,신동빈,0,0.00%,18120,2.34%,18120,0.21%,8768770,0.0020664243673856196
139,비금융회사,롯데칠성음료,동일인측,친족,배우자/혈족1촌,신격호,104080,1.30%,109780,14.16%,213860,2.44%,8768770,0.024388825342664934
140,비금융회사,롯데칠성음료,동일인측,친족,혈족2~4촌,신영자,212380,2.66%,11620,1.50%,224000,2.55%,8768770,0.02554520189262576
141,비금융회사,롯데칠성음료,동일인측,친족,혈족2~4촌,신유미,770,0.01%,0,0.00%,770,0.01%,8768770,8.781163150590106e-05
142,비금융회사,롯데칠성음료,동일인측,친족,친족합계,친족합계,317230,3.97%,121400,15.66%,438630,5.00%,8768770,0.0500218388667966
143,비금융회사,롯데칠성음료,동일인측,비영리법인,비영리법인,(재)롯데문화재단,0,0.00%,9200,1.19%,9200,0.10%,8768770,0.0010491779348757008
144,비금융회사,롯데칠성음료,동일인측,비영리법인,비영리법인,(재)롯데장학재단,501680,6.28%,39650,5.11%,541330,6.17%,8768770,0.061733857770245995
145,비금융회사,롯데칠성음료,동일인측,등기된임원,등기된임원,박윤기,300,0.00%,0,0.00%,300,0.00%,8768770,3.421232396333807e-05
146,비금융회사,롯데칠성음료,동일인측,등기된임원,등기된임원,이동진,100,0.00%,0,0.00%,100,0.00%,8768770,1.1404107987779358e-05
147,비금융회사,롯데칠성음료,동일인측,등기된임원,등기된임원,이영구,930,0.01%,0,0.00%,930,0.01%,8768770,0.00010605820428634803
148,비금융회사,롯데칠성음료,동일인측,등기된임원,등기된임원,정찬우,500,0.01%,0,0.00%,500,0.01%,8768770,5.702053993889679e-05
149,비금융회사,롯데칠성음료,동일인측,등기된임원,등기된임원,구본욱,6,0.00%,50,0.01%,56,0.00%,8768770,6.386300473156441e-06
150,비금융회사,롯데칠성음료,동일인측,등기된임원,등기된임원,백광현,50,0.00%,0,0.00%,50,0.00%,8768770,5.702053993889679e-06
151,비금융회사,롯데칠성음료,동일인측,등기된임원,등기된임원,심명섭,10,0.00%,0,0.00%,10,0.00%,8768770,1.1404107987779357e-06
152,비금융회사,롯데칠성음료,동일인측,자기주식,자기주식,롯데칠성음료,420110,5.26%,138460,17.86%,558570,6.37%,8768770,0.06369992598733916
153,비금융회사,롯데칠성음료,동일인측,계열회사,계열회사,롯데지주,2121660,26.54%,64890,8.37%,2186550,24.94%,8768770,0.24935652320678955
154,비금융회사,롯데칠성음료,동일인측,계열회사,계열회사,호텔롯데,473450,5.92%,37470,4.83%,510920,5.83%,8768770,0.05826586853116229
155,비금융회사,롯데칠성음료,동일인측,계열회사,계열회사,롯데알미늄,708870,8.87%,30500,3.93%,739370,8.43%,8768770,0.08431855322924424
156,비금융회사,롯데칠성음료,동일인측,해외계열,해외계열,롯데홀딩스,109830,1.37%,0,0.00%,109830,1.25%,8768770,0.01252513180297807
157,비금융회사,롯데칠성음료,동일인측,동일인측 합계,동일인측 합계,동일인측 합계,4654726,58.23%,459740,59.30%,5114466,58.33%,8768770,0.5832592256382594
158,비금융회사,롯데칠성음료,기타주주,기타,기타,기타,3338734,41.77%,315570,40.70%,3654304,41.67%,8768770,0.41674077436174056
159,비금융회사,롯데칠성음료,합계,합계,합계,롯데칠성음료 합계,7993460,100.00%,775310,100.00%,8768770,100.00%,8768770,1.0
160,비금융회사,롯데푸드,동일인측,동일인,동일인,신동빈,22232,1.96%,0,0.00%,22232,1.96%,1131870,0.019641831659112794
161,비금융회사,롯데푸드,동일인측,친족,혈족2~4촌,신영자,12374,1.09%,0,0.00%,12374,1.09%,1131870,0.010932350888352902
162,비금융회사,롯데푸드,동일인측,친족,혈족2~4촌,신유미,3787,0.33%,0,0.00%,3787,0.33%,1131870,0.0033457905943262037
163,비금융회사,롯데푸드,동일인측,친족,혈족5~6촌,신복남,100,0.01%,0,0.00%,100,0.01%,1131870,8.834936874376033e-05
164,비금융회사,롯데푸드,동일인측,친족,친족합계,친족합계,16261,1.44%,0,0.00%,16261,1.44%,1131870,0.014366490851422867
165,비금융회사,롯데푸드,동일인측,비영리법인,비영리법인,(재)롯데장학재단,46417,4.10%,0,0.00%,46417,4.10%,1131870,0.04100912648979123
166,비금융회사,롯데푸드,동일인측,등기된임원,등기된임원,서광식,4,0.00%,0,0.00%,4,0.00%,1131870,3.533974749750413e-06
167,비금융회사,롯데푸드,동일인측,등기된임원,등기된임원,조경수,117,0.01%,0,0.00%,117,0.01%,1131870,0.00010336876143019958
168,비금융회사,롯데푸드,동일인측,등기된임원,등기된임원,김재열,100,0.01%,0,0.00%,100,0.01%,1131870,8.834936874376033e-05
169,비금융회사,롯데푸드,동일인측,자기주식,자기주식,롯데푸드,222060,19.62%,0,0.00%,222060,19.62%,1131870,0.19618860823239417
170,비금융회사,롯데푸드,동일인측,계열회사,계열회사,롯데지주,261199,23.08%,0,0.00%,261199,23.08%,1131870,0.23076766766501453
171,비금융회사,롯데푸드,동일인측,계열회사,계열회사,호텔롯데,100845,8.91%,0,0.00%,100845,8.91%,1131870,0.0890959209096451
172,비금융회사,롯데푸드,동일인측,계열회사,계열회사,부산롯데호텔,49591,4.38%,0,0.00%,49591,4.38%,1131870,0.04381333545371818
173,비금융회사,롯데푸드,동일인측,해외계열,해외계열,L제2투자회사,49096,4.34%,0,0.00%,49096,4.34%,1131870,0.04337600607843657
174,비금융회사,롯데푸드,동일인측,동일인측 합계,동일인측 합계,동일인측 합계,767922,67.85%,0,0.00%,767922,67.85%,1131870,0.6784542394444592
175,비금융회사,롯데푸드,기타주주,기타,기타,기타,363948,32.15%,0,0.00%,363948,32.15%,1131870,0.32154576055554085
176,비금융회사,롯데푸드,합계,합계,합계,롯데푸드 합계,1131870,100.00%,0,0.00%,1131870,100.00%,1131870,1.0
177,비금융회사,롯데네슬레코리아,동일인측,계열회사,계열회사,롯데지주,2639156,50.00%,0,0.00%,2639156,50.00%,5278312,0.5
178,비금융회사,롯데네슬레코리아,동일인측,동일인측 합계,동일인측 합계,동일인측 합계,2639156,50.00%,0,0.00%,2639156,50.00%,5278312,0.5
179,비금융회사,롯데네슬레코리아,기타주주,동일인측이 아닌 최다주주,동일인측이 아닌 최다주주,Societe des Produits Nestle S.A.,2639156,50.00%,0,0.00%,2639156,50.00%,5278312,0.5
180,비금융회사,롯데네슬레코리아,합계,합계,합계,롯데네슬레코리아 합계,5278312,100.00%,0,0.00%,5278312,100.00%,5278312,1.0
181,비금융회사,롯데지알에스,동일인측,친족,혈족2~4촌,신영자,11,0.00%,0,0.00%,11,0.00%,252153,4.3624307464119006e-05
182,비금융회사,롯데지알에스,동일인측,친족,친족합계,친족합계,11,0.00%,0,0.00%,11,0.00%,252153,4.3624307464119006e-05
183,비금융회사,롯데지알에스,동일인측,자기주식,자기주식,롯데지알에스,3,0.00%,0,0.00%,3,0.00%,252153,1.1897538399305184e-05
184,비금융회사,롯데지알에스,동일인측,계열회사,계열회사,롯데지주,137267,54.44%,0,0.00%,137267,54.44%,252153,0.5443798011524749
185,비금융회사,롯데지알에스,동일인측,계열회사,계열회사,호텔롯데,47335,18.77%,0,0.00%,47335,18.77%,252153,0.1877233267103703
186,비금융회사,롯데지알에스,동일인측,계열회사,계열회사,부산롯데호텔,28464,11.29%,0,0.00%,28464,11.29%,252153,0.11288384433260758
187,비금융회사,롯데지알에스,동일인측,해외계열,해외계열,L제12투자회사,39073,15.50%,0,0.00%,39073,15.50%,252153,0.15495750595868382
188,비금융회사,롯데지알에스,동일인측,동일인측 합계,동일인측 합계,동일인측 합계,252153,100.00%,0,0.00%,252153,100.00%,252153,1.0
189,비금융회사,롯데지알에스,합계,합계,합계,롯데지알에스 합계,252153,100.00%,0,0.00%,252153,100.00%,252153,1.0
190,비금융회사,롯데아사히주류,동일인측,계열회사,계열회사,롯데칠성음료,1499999,50.00%,0,0.00%,1499999,50.00%,3000000,0.4999996666666667
191,비금융회사,롯데아사히주류,동일인측,동일인측 합계,동일인측 합계,동일인측 합계,1499999,50.00%,0,0.00%,1499999,50.00%,3000000,0.4999996666666667
192,비금융회사,롯데아사히주류,기타주주,동일인측이 아닌 최다주주,동일인측이 아닌 최다주주,아사히그룹홀딩스,1500001,50.00%,0,0.00%,1500001,50.00%,3000000,0.5000003333333334
193,비금융회사,롯데아사히주류,합계,합계,합계,롯데아사히주류 합계,3000000,100.00%,0,0.00%,3000000,100.00%,3000000,1.0
194,비금융회사,충북소주,동일인측,계열회사,계열회사,롯데지주,30000,100.00%,0,0.00%,30000,100.00%,30000,1.0
195,비금융회사,충북소주,동일인측,동일인측 합계,동일인측 합계,동일인측 합계,30000,100.00%,0,0.00%,30000,100.00%,30000,1.0
196,비금융회사,충북소주,합계,합계,합계,충북소주 합계,30000,100.00%,0,0.00%,30000,100.00%,30000,1.0
197,비금융회사,엠제이에이와인,동일인측,계열회사,계열회사,롯데지주,130000,100.00%,0,0.00%,130000,100.00%,130000,1.0
198,비금융회사,엠제이에이와인,동일인측,동일인측 합계,동일인측 합계,동일인측 합계,130000,100.00%,0,0.00%,130000,100.00%,130000,1.0
199,비금융회사,엠제이에이와인,합계,합계,합계,엠제이에이와인 합계,130000,100.00%,0,0.00%,130000,100.00%,130000,1.0
200,비금융회사,씨에이치음료,동일인측,계열회사,계열회사,롯데지주,30660,100.00%,0,0.00%,30660,100.00%,30660,1.0
201,비금융회사,씨에이치음료,동일인측,동일인측 합계,동일인측 합계,동일인측 합계,30660,100.00%,0,0.00%,30660,100.00%,30660,1.0
202,비금융회사,씨에이치음료,합계,합계,합계,씨에이치음료 합계,30660,100.00%,0,0.00%,30660,100.00%,30660,1.0
203,비금융회사,백학음료,동일인측,계열회사,계열회사,롯데지주,7382400,86.06%,0,0.00%,7382400,86.06%,8578000,0.8606201911867568
204,비금융회사,백학음료,동일인측,동일인측 합계,동일인측 합계,동일인측 합계,7382400,86.06%,0,0.00%,7382400,86.06%,8578000,0.8606201911867568
205,비금융회사,백학음료,기타주주,기타,기타,기타,1195600,13.94%,0,0.00%,1195600,13.94%,8578000,0.1393798088132432
206,비금융회사,백학음료,합계,합계,합계,백학음료 합계,8578000,100.00%,0,0.00%,8578000,100.00%,8578000,1.0
207,비금융회사,스위트위드,동일인측,계열회사,계열회사,롯데제과,800000,100.00%,0,0.00%,800000,100.00%,800000,1.0
208,비금융회사,스위트위드,동일인측,동일인측 합계,동일인측 합계,동일인측 합계,800000,100.00%,0,0.00%,800000,100.00%,800000,1.0
209,비금융회사,스위트위드,합계,합계,합계,스위트위드 합계,800000,100.00%,0,0.00%,800000,100.00%,800000,1.0
210,비금융회사,산청음료,동일인측,계열회사,계열회사,롯데칠성음료,60000,100.00%,0,0.00%,60000,100.00%,60000,1.0
211,비금융회사,산청음료,동일인측,동일인측 합계,동일인측 합계,동일인측 합계,60000,100.00%,0,0.00%,60000,100.00%,60000,1.0
212,비금융회사,산청음료,합계,합계,합계,산청음료 합계,60000,100.00%,0,0.00%,60000,100.00%,60000,1.0
213,비금융회사,푸드위드,동일인측,계열회사,계열회사,롯데푸드,100000,100.00%,0,0.00%,100000,100.00%,100000,1.0
214,비금융회사,푸드위드,동일인측,동일인측 합계,동일인측 합계,동일인측 합계,100000,100.00%,0,0.00%,100000,100.00%,100000,1.0
215,비금융회사,푸드위드,합계,합계,합계,푸드위드 합계,100000,100.00%,0,0.00%,100000,100.00%,100000,1.0
216,비금융회사,롯데쇼핑,동일인측,동일인,동일인,신동빈,2783700,9.84%,0,0.00%,2783700,9.84%,28288755,0.09840305803489761
217,비금융회사,롯데쇼핑,동일인측,친족,배우자/혈족1촌,신격호,262438,0.93%,0,0.00%,262438,0.93%,28288755,0.009277113821375313
218,비금융회사,롯데쇼핑,동일인측,친족,혈족2~4촌,신영자,210174,0.74%,0,0.00%,210174,0.74%,28288755,0.007429595257903715
219,비금융회사,롯데쇼핑,동일인측,친족,혈족2~4촌,신동주,133953,0.47%,0,0.00%,133953,0.47%,28288755,0.004735203086880282
220,비금융회사,롯데쇼핑,동일인측,친족,혈족2~4촌,신유미,25811,0.09%,0,0.00%,25811,0.09%,28288755,0.0009124120167183037
221,비금융회사,롯데쇼핑,동일인측,친족,혈족5~6촌,신영우,40,0.00%,0,0.00%,40,0.00%,28288755,1.4139894102798091e-06
222,비금융회사,롯데쇼핑,동일인측,친족,인척4촌 이내,박희청,250,0.00%,0,0.00%,250,0.00%,28288755,8.837433814248806e-06
223,비금융회사,롯데쇼핑,동일인측,친족,친족합계,친족합계,632666,2.24%,0,0.00%,632666,2.24%,28288755,0.022364575606102142
224,비금융회사,롯데쇼핑,동일인측,비영리법인,비영리법인,(재)롯데문화재단,1813,0.01%,0,0.00%,1813,0.01%,28288755,6.408907002093235e-05
225,비금융회사,롯데쇼핑,동일인측,비영리법인,비영리법인,사회복지법인 롯데삼동복지재단,42765,0.15%,0,0.00%,42765,0.15%,28288755,0.0015117314282654009
226,비금융회사,롯데쇼핑,동일인측,등기된임원,등기된임원,남창희,129,0.00%,0,0.00%,129,0.00%,28288755,4.560115848152384e-06
227,비금융회사,롯데쇼핑,동일인측,등기된임원,등기된임원,황각규,58,0.00%,0,0.00%,58,0.00%,28288755,2.0502846449057233e-06
228,비금융회사,롯데쇼핑,동일인측,등기된임원,등기된임원,강희태,364,0.00%,0,0.00%,364,0.00%,28288755,1.2867303633546263e-05
229,비금융회사,롯데쇼핑,동일인측,등기된임원,등기된임원,장호주,220,0.00%,0,0.00%,220,0.00%,28288755,7.77694175653895e-06
230,비금융회사,롯데쇼핑,동일인측,등기된임원,등기된임원,황범석,150,0.00%,0,0.00%,150,0.00%,28288755,5.302460288549284e-06
231,비금융회사,롯데쇼핑,동일인측,등기된임원,등기된임원,송정호,771,0.00%,0,0.00%,771,0.00%,28288755,2.725464588314332e-05
232,비금융회사,롯데쇼핑,동일인측,등기된임원,등기된임원,최영준,80,0.00%,0,0.00%,80,0.00%,28288755,2.8279788205596183e-06
233,비금융회사,롯데쇼핑,동일인측,등기된임원,등기된임원,이진우,70,0.00%,0,0.00%,70,0.00%,28288755,2.4744814679896657e-06
234,비금융회사,롯데쇼핑,동일인측,등기된임원,등기된임원,정원호,38,0.00%,0,0.00%,38,0.00%,28288755,1.3432899397658185e-06
235,비금융회사,롯데쇼핑,동일인측,등기된임원,등기된임원,김동하,30,0.00%,0,0.00%,30,0.00%,28288755,1.0604920577098567e-06
236,비금융회사,롯데쇼핑,동일인측,등기된임원,등기된임원,오일근,41,0.00%,0,0.00%,41,0.00%,28288755,1.4493391455368042e-06
237,비금융회사,롯데쇼핑,동일인측,등기된임원,등기된임원,유형주,63,0.00%,0,0.00%,63,0.00%,28288755,2.2270333211906994e-06
238,비금융회사,롯데쇼핑,동일인측,등기된임원,등기된임원,장학영,6,0.00%,0,0.00%,6,0.00%,28288755,2.1209841154197136e-07
239,비금융회사,롯데쇼핑,동일인측,등기된임원,등기된임원,조석민,40,0.00%,0,0.00%,40,0.00%,28288755,1.4139894102798091e-06
240,비금융회사,롯데쇼핑,동일인측,등기된임원,등기된임원,김두원,80,0.00%,0,0.00%,80,0.00%,28288755,2.8279788205596183e-06
241,비금융회사,롯데쇼핑,동일인측,등기된임원,등기된임원,이갑,75,0.00%,0,0.00%,75,0.00%,28288755,2.651230144274642e-06
242,비금융회사,롯데쇼핑,동일인측,등기된임원,등기된임원,황용석,14,0.00%,0,0.00%,14,0.00%,28288755,4.948962935979332e-07
243,비금융회사,롯데쇼핑,동일인측,등기된임원,등기된임원,구성회,45,0.00%,0,0.00%,45,0.00%,28288755,1.5907380865647852e-06
244,비금융회사,롯데쇼핑,동일인측,등기된임원,등기된임원,김상수,111,0.00%,0,0.00%,111,0.00%,28288755,3.9238206135264705e-06
245,비금융회사,롯데쇼핑,동일인측,등기된임원,등기된임원,이형규,44,0.00%,0,0.00%,44,0.00%,28288755,1.55538835130779e-06
246,비금융회사,롯데쇼핑,동일인측,등기된임원,등기된임원,김종길,100,0.00%,0,0.00%,100,0.00%,28288755,3.5349735256995226e-06
247,비금융회사,롯데쇼핑,동일인측,등기된임원,등기된임원,전형식,146,0.00%,0,0.00%,146,0.00%,28288755,5.161061347521303e-06
248,비금융회사,롯데쇼핑,동일인측,등기된임원,등기된임원,현종혁,75,0.00%,0,0.00%,75,0.00%,28288755,2.651230144274642e-06
249,비금융회사,롯데쇼핑,동일인측,등기된임원,등기된임원,심명섭,10,0.00%,0,0.00%,10,0.00%,28288755,3.534973525699523e-07
250,비금융회사,롯데쇼핑,동일인측,등기된임원,등기된임원,김상우,45,0.00%,0,0.00%,45,0.00%,28288755,1.5907380865647852e-06
251,비금융회사,롯데쇼핑,동일인측,등기된임원,등기된임원,김세호,676,0.00%,0,0.00%,676,0.00%,28288755,2.3896421033728772e-05
252,비금융회사,롯데쇼핑,동일인측,등기된임원,등기된임원,김경봉,17,0.00%,0,0.00%,17,0.00%,28288755,6.009454993689189e-07
253,비금융회사,롯데쇼핑,동일인측,등기된임원,등기된임원,손명정,9,0.00%,0,0.00%,9,0.00%,28288755,3.1814761731295703e-07
254,비금융회사,롯데쇼핑,동일인측,등기된임원,등기된임원,이호설,133,0.00%,0,0.00%,133,0.00%,28288755,4.7015147891803655e-06
255,비금융회사,롯데쇼핑,동일인측,자기주식,자기주식,롯데쇼핑,18115,0.06%,0,0.00%,18115,0.06%,28288755,0.0006403604541804685
256,비금융회사,롯데쇼핑,동일인측,계열회사,계열회사,롯데지주,11315503,40.00%,0,0.00%,11315503,40.00%,28288755,0.4000000353497353
257,비금융회사,롯데쇼핑,동일인측,계열회사,계열회사,호텔롯데,2507158,8.86%,0,0.00%,2507158,8.86%,28288755,0.08862737154745765
258,비금융회사,롯데쇼핑,동일인측,계열회사,계열회사,부산롯데호텔,220326,0.78%,0,0.00%,220326,0.78%,28288755,0.0077884657702327305
259,비금융회사,롯데쇼핑,동일인측,동일인측 합계,동일인측 합계,동일인측 합계,17525686,61.95%,0,0.00%,17525686,61.95%,28288755,0.6195283602972277
260,비금융회사,롯데쇼핑,기타주주,기타,기타,기타,10763069,38.05%,0,0.00%,10763069,38.05%,28288755,0.38047163970277237
261,비금융회사,롯데쇼핑,합계,합계,합계,롯데쇼핑 합계,28288755,100.00%,0,0.00%,28288755,100.00%,28288755,1.0
262,비금융회사,롯데역사,동일인측,동일인,동일인,신동빈,314400,8.73%,0,0.00%,314400,8.73%,3600000,0.08733333333333333
263,비금융회사,롯데역사,동일인측,친족,혈족2~4촌,신동주,314400,8.73%,0,0.00%,314400,8.73%,3600000,0.08733333333333333
264,비금융회사,롯데역사,동일인측,친족,친족합계,친족합계,314400,8.73%,0,0.00%,314400,8.73%,3600000,0.08733333333333333
265,비금융회사,롯데역사,동일인측,비영리법인,비영리법인,(재)롯데장학재단,192000,5.33%,0,0.00%,192000,5.33%,3600000,0.05333333333333334
266,비금융회사,롯데역사,동일인측,계열회사,계열회사,롯데지주,1603200,44.53%,0,0.00%,1603200,44.53%,3600000,0.44533333333333336
267,비금융회사,롯데역사,동일인측,계열회사,계열회사,부산롯데호텔,36000,1.00%,0,0.00%,36000,1.00%,3600000,0.01
268,비금융회사,롯데역사,동일인측,동일인측 합계,동일인측 합계,동일인측 합계,2460000,68.33%,0,0.00%,2460000,68.33%,3600000,0.6833333333333333
269,비금융회사,롯데역사,기타주주,기타,기타,기타,1140000,31.67%,0,0.00%,1140000,31.67%,3600000,0.31666666666666665
270,비금융회사,롯데역사,합계,합계,합계,롯데역사 합계,3600000,100.00%,0,0.00%,3600000,100.00%,3600000,1.0
271,비금융회사,코리아세븐,동일인측,동일인,동일인,신동빈,3242835,8.76%,0,0.00%,3242835,8.76%,37028576,0.08757655168808004
272,비금융회사,코리아세븐,동일인측,친족,혈족2~4촌,신영자,894144,2.41%,0,0.00%,894144,2.41%,37028576,0.02414740442624637
273,비금융회사,코리아세븐,동일인측,친족,혈족2~4촌,신유미,507174,1.37%,0,0.00%,507174,1.37%,37028576,0.013696827012737407
274,비금융회사,코리아세븐,동일인측,친족,친족합계,친족합계,1401318,3.78%,0,0.00%,1401318,3.78%,37028576,0.03784423143898377
275,비금융회사,코리아세븐,동일인측,비영리법인,비영리법인,(재)롯데문화재단,215587,0.58%,0,0.00%,215587,0.58%,37028576,0.005822179065163078
276,비금융회사,코리아세븐,동일인측,자기주식,자기주식,코리아세븐,1487573,4.02%,0,0.00%,1487573,4.02%,37028576,0.04017364858967301
277,비금융회사,코리아세븐,동일인측,계열회사,계열회사,롯데지주,29497655,79.66%,0,0.00%,29497655,79.66%,37028576,0.7966186709421393
278,비금융회사,코리아세븐,동일인측,동일인측 합계,동일인측 합계,동일인측 합계,35844968,96.80%,0,0.00%,35844968,96.80%,37028576,0.9680352817240393
279,비금융회사,코리아세븐,기타주주,기타,기타,기타,1183608,3.20%,0,0.00%,1183608,3.20%,37028576,0.03196471827596071
280,비금융회사,코리아세븐,합계,합계,합계,코리아세븐 합계,37028576,100.00%,0,0.00%,37028576,100.00%,37028576,1.0
281,비금융회사,에프알엘코리아,동일인측,계열회사,계열회사,롯데쇼핑,2352000,49.00%,0,0.00%,2352000,49.00%,4800000,0.49
282,비금융회사,에프알엘코리아,동일인측,동일인측 합계,동일인측 합계,동일인측 합계,2352000,49.00%,0,0.00%,2352000,49.00%,4800000,0.49
283,비금융회사,에프알엘코리아,기타주주,동일인측이 아닌 최다주주,동일인측이 아닌 최다주주,"Fast Retailing Co., Ltd.",2448000,51.00%,0,0.00%,2448000,51.00%,4800000,0.51
284,비금융회사,에프알엘코리아,합계,합계,합계,에프알엘코리아 합계,4800000,100.00%,0,0.00%,4800000,100.00%,4800000,1.0
285,비금융회사,우리홈쇼핑,동일인측,계열회사,계열회사,롯데쇼핑,4242796,53.03%,0,0.00%,4242796,53.03%,8000000,0.5303495
286,비금융회사,우리홈쇼핑,동일인측,동일인측 합계,동일인측 합계,동일인측 합계,4242796,53.03%,0,0.00%,4242796,53.03%,8000000,0.5303495
287,비금융회사,우리홈쇼핑,기타주주,기타,기타,기타,3757204,46.97%,0,0.00%,3757204,46.97%,8000000,0.4696505
288,비금융회사,우리홈쇼핑,합계,합계,합계,우리홈쇼핑 합계,8000000,100.00%,0,0.00%,8000000,100.00%,8000000,1.0
289,비금융회사,롯데김해개발,동일인측,계열회사,계열회사,롯데쇼핑,60000,100.00%,0,0.00%,60000,100.00%,60000,1.0
290,비금융회사,롯데김해개발,동일인측,동일인측 합계,동일인측 합계,동일인측 합계,60000,100.00%,0,0.00%,60000,100.00%,60000,1.0
291,비금융회사,롯데김해개발,합계,합계,합계,롯데김해개발 합계,60000,100.00%,0,0.00%,60000,100.00%,60000,1.0
292,비금융회사,롯데수원역쇼핑타운,동일인측,계열회사,계열회사,롯데쇼핑,20000000,100.00%,0,0.00%,20000000,100.00%,20000000,1.0
293,비금융회사,롯데수원역쇼핑타운,동일인측,동일인측 합계,동일인측 합계,동일인측 합계,20000000,100.00%,0,0.00%,20000000,100.00%,20000000,1.0
294,비금융회사,롯데수원역쇼핑타운,합계,합계,합계,롯데수원역쇼핑타운 합계,20000000,100.00%,0,0.00%,20000000,100.00%,20000000,1.0
295,비금융회사,롯데지에프알,동일인측,계열회사,계열회사,롯데쇼핑,1713630,99.93%,0,0.00%,1713630,99.93%,1714830,0.999300222179458
296,비금융회사,롯데지에프알,동일인측,동일인측 합계,동일인측 합계,동일인측 합계,1713630,99.93%,0,0.00%,1713630,99.93%,1714830,0.999300222179458
297,비금융회사,롯데지에프알,기타주주,기타,기타,기타,1200,0.07%,0,0.00%,1200,0.07%,1714830,0.000699777820541978
298,비금융회사,롯데지에프알,합계,합계,합계,롯데지에프알 합계,1714830,100.00%,0,0.00%,1714830,100.00%,1714830,1.0
299,비금융회사,롯데송도쇼핑타운,동일인측,계열회사,계열회사,롯데쇼핑,21315667,100.00%,0,0.00%,21315667,100.00%,21315667,1.0
300,비금융회사,롯데송도쇼핑타운,동일인측,동일인측 합계,동일인측 합계,동일인측 합계,21315667,100.00%,0,0.00%,21315667,100.00%,21315667,1.0
301,비금융회사,롯데송도쇼핑타운,합계,합계,합계,롯데송도쇼핑타운 합계,21315667,100.00%,0,0.00%,21315667,100.00%,21315667,1.0
302,비금융회사,한국에스티엘,동일인측,등기된임원,등기된임원,카즈마사테라다,1,0.00%,0,0.00%,1,0.00%,2400001,4.166664930556279e-07
303,비금융회사,한국에스티엘,동일인측,계열회사,계열회사,롯데쇼핑,1200000,50.00%,0,0.00%,1200000,50.00%,2400001,0.49999979166675346
304,비금융회사,한국에스티엘,동일인측,동일인측 합계,동일인측 합계,동일인측 합계,1200001,50.00%,0,0.00%,1200001,50.00%,2400001,0.5000002083332465
305,비금융회사,한국에스티엘,기타주주,동일인측이 아닌 최다주주,동일인측이 아닌 최다주주,사만사타바사 재팬리미티드,1200000,50.00%,0,0.00%,1200000,50.00%,2400001,0.49999979166675346
306,비금융회사,한국에스티엘,합계,합계,합계,한국에스티엘 합계,2400001,100.00%,0,0.00%,2400001,100.00%,2400001,1.0
307,비금융회사,씨에스유통,동일인측,계열회사,계열회사,롯데쇼핑,12761250,99.95%,0,0.00%,12761250,99.95%,12767850,0.999483076633889
308,비금융회사,씨에스유통,동일인측,동일인측 합계,동일인측 합계,동일인측 합계,12761250,99.95%,0,0.00%,12761250,99.95%,12767850,0.999483076633889
309,비금융회사,씨에스유통,기타주주,기타,기타,기타,6600,0.05%,0,0.00%,6600,0.05%,12767850,0.0005169233661109741
310,비금융회사,씨에스유통,합계,합계,합계,씨에스유통 합계,12767850,100.00%,0,0.00%,12767850,100.00%,12767850,1.0
311,비금융회사,롯데하이마트,동일인측,등기된임원,등기된임원,오성엽,700,0.00%,0,0.00%,700,0.00%,23607712,2.9651327498403913e-05
312,비금융회사,롯데하이마트,동일인측,등기된임원,등기된임원,김진호,300,0.00%,0,0.00%,300,0.00%,23607712,1.2707711785030248e-05
313,비금융회사,롯데하이마트,동일인측,등기된임원,등기된임원,이동우,28000,0.12%,0,0.00%,28000,0.12%,23607712,0.0011860530999361564
314,비금융회사,롯데하이마트,동일인측,등기된임원,등기된임원,황영근,300,0.00%,0,0.00%,300,0.00%,23607712,1.2707711785030248e-05
315,비금융회사,롯데하이마트,동일인측,등기된임원,등기된임원,김종길,1000,0.00%,0,0.00%,1000,0.00%,23607712,4.235903928343416e-05
316,비금융회사,롯데하이마트,동일인측,계열회사,계열회사,롯데쇼핑,15403274,65.25%,0,0.00%,15403274,65.25%,23607712,0.6524678884595
317,비금융회사,롯데하이마트,동일인측,동일인측 합계,동일인측 합계,동일인측 합계,15433574,65.38%,0,0.00%,15433574,65.38%,23607712,0.6537513673497881
318,비금융회사,롯데하이마트,기타주주,기타,기타,기타,8174138,34.62%,0,0.00%,8174138,34.62%,23607712,0.34624863265021194
319,비금융회사,롯데하이마트,합계,합계,합계,롯데하이마트 합계,23607712,100.00%,0,0.00%,23607712,100.00%,23607712,1.0
320,비금융회사,롯데인천개발,동일인측,계열회사,계열회사,롯데쇼핑,20000000,100.00%,0,0.00%,20000000,100.00%,20000000,1.0
321,비금융회사,롯데인천개발,동일인측,동일인측 합계,동일인측 합계,동일인측 합계,20000000,100.00%,0,0.00%,20000000,100.00%,20000000,1.0
322,비금융회사,롯데인천개발,합계,합계,합계,롯데인천개발 합계,20000000,100.00%,0,0.00%,20000000,100.00%,20000000,1.0
323,비금융회사,롯데인천타운,동일인측,계열회사,계열회사,롯데쇼핑,13000000,100.00%,0,0.00%,13000000,100.00%,13000000,1.0
324,비금융회사,롯데인천타운,동일인측,동일인측 합계,동일인측 합계,동일인측 합계,13000000,100.00%,0,0.00%,13000000,100.00%,13000000,1.0
325,비금융회사,롯데인천타운,합계,합계,합계,롯데인천타운 합계,13000000,100.00%,0,0.00%,13000000,100.00%,13000000,1.0
326,비금융회사,롯데타운동탄,동일인측,계열회사,계열회사,롯데쇼핑,7000000,100.00%,0,0.00%,7000000,100.00%,7000000,1.0
327,비금융회사,롯데타운동탄,동일인측,동일인측 합계,동일인측 합계,동일인측 합계,7000000,100.00%,0,0.00%,7000000,100.00%,7000000,1.0
328,비금융회사,롯데타운동탄,합계,합계,합계,롯데타운동탄 합계,7000000,100.00%,0,0.00%,7000000,100.00%,7000000,1.0
329,비금융회사,롯데울산개발,동일인측,계열회사,계열회사,롯데쇼핑,4880000,96.83%,0,0.00%,4880000,96.83%,5040000,0.9682539682539683
330,비금융회사,롯데울산개발,동일인측,동일인측 합계,동일인측 합계,동일인측 합계,4880000,96.83%,0,0.00%,4880000,96.83%,5040000,0.9682539682539683
331,비금융회사,롯데울산개발,기타주주,기타,기타,기타,160000,3.17%,0,0.00%,160000,3.17%,5040000,0.031746031746031744
332,비금융회사,롯데울산개발,합계,합계,합계,롯데울산개발 합계,5040000,100.00%,0,0.00%,5040000,100.00%,5040000,1.0
333,비금융회사,롯데컬처웍스,동일인측,계열회사,계열회사,롯데쇼핑,48732725,86.37%,0,0.00%,48732725,86.37%,56420181,0.8637463428201339
334,비금융회사,롯데컬처웍스,동일인측,동일인측 합계,동일인측 합계,동일인측 합계,48732725,86.37%,0,0.00%,48732725,86.37%,56420181,0.8637463428201339
335,비금융회사,롯데컬처웍스,기타주주,기타,기타,기타,7687456,13.63%,0,0.00%,7687456,13.63%,56420181,0.13625365717986618
336,비금융회사,롯데컬처웍스,합계,합계,합계,롯데컬처웍스 합계,56420181,100.00%,0,0.00%,56420181,100.00%,56420181,1.0
337,비금융회사,롯데디엠씨개발,동일인측,계열회사,계열회사,롯데쇼핑,950000,95.00%,0,0.00%,950000,95.00%,1000000,0.95
338,비금융회사,롯데디엠씨개발,동일인측,동일인측 합계,동일인측 합계,동일인측 합계,950000,95.00%,0,0.00%,950000,95.00%,1000000,0.95
339,비금융회사,롯데디엠씨개발,기타주주,기타,기타,기타,50000,5.00%,0,0.00%,50000,5.00%,1000000,0.05
340,비금융회사,롯데디엠씨개발,합계,합계,합계,롯데디엠씨개발 합계,1000000,100.00%,0,0.00%,1000000,100.00%,1000000,1.0
341,비금융회사,롯데케미칼,동일인측,동일인,동일인,신동빈,90705,0.26%,0,0.00%,90705,0.26%,34275419,0.002646357145918479
342,비금융회사,롯데케미칼,동일인측,친족,혈족5~6촌,신영우,17,0.00%,0,0.00%,17,0.00%,34275419,4.959822664749919e-07
343,비금융회사,롯데케미칼,동일인측,친족,혈족5~6촌,신주현,90,0.00%,0,0.00%,90,0.00%,34275419,2.6257884695734865e-06
344,비금융회사,롯데케미칼,동일인측,친족,혈족5~6촌,조현욱,13,0.00%,0,0.00%,13,0.00%,34275419,3.7928055671617027e-07
345,비금융회사,롯데케미칼,동일인측,친족,친족합계,친족합계,120,0.00%,0,0.00%,120,0.00%,34275419,3.5010512927646486e-06
346,비금융회사,롯데케미칼,동일인측,비영리법인,비영리법인,(재)롯데문화재단,11495,0.03%,0,0.00%,11495,0.03%,34275419,0.00033537153841941365
347,비금융회사,롯데케미칼,동일인측,등기된임원,등기된임원,박인구,6,0.00%,0,0.00%,6,0.00%,34275419,1.7505256463823242e-07
348,비금융회사,롯데케미칼,동일인측,등기된임원,등기된임원,구본욱,18,0.00%,0,0.00%,18,0.00%,34275419,5.251576939146972e-07
349,비금융회사,롯데케미칼,동일인측,등기된임원,등기된임원,박수성,2,0.00%,0,0.00%,2,0.00%,34275419,5.835085487941081e-08
350,비금융회사,롯데케미칼,동일인측,등기된임원,등기된임원,현종혁,105,0.00%,0,0.00%,105,0.00%,34275419,3.0634198811690675e-06
351,비금융회사,롯데케미칼,동일인측,등기된임원,등기된임원,김민아,130,0.00%,0,0.00%,130,0.00%,34275419,3.7928055671617027e-06
352,비금융회사,롯데케미칼,동일인측,등기된임원,등기된임원,손명정,7,0.00%,0,0.00%,7,0.00%,34275419,2.0422799207793785e-07
353,비금융회사,롯데케미칼,동일인측,계열회사,계열회사,롯데지주,8235201,24.03%,0,0.00%,8235201,24.03%,34275419,0.24026550922688938
354,비금융회사,롯데케미칼,동일인측,계열회사,계열회사,호텔롯데,245351,0.72%,0,0.00%,245351,0.72%,34275419,0.007158220297759161
355,비금융회사,롯데케미칼,동일인측,계열회사,계열회사,롯데물산,6855084,20.00%,0,0.00%,6855084,20.00%,34275419,0.20000000583508548
356,비금융회사,롯데케미칼,동일인측,해외계열,해외계열,롯데홀딩스,3186000,9.30%,0,0.00%,3186000,9.30%,34275419,0.09295291182290143
357,비금융회사,롯데케미칼,동일인측,동일인측 합계,동일인측 합계,동일인측 합계,18624224,54.34%,0,0.00%,18624224,54.34%,34275419,0.5433696959328199
358,비금융회사,롯데케미칼,기타주주,기타,기타,기타,15651195,45.66%,0,0.00%,15651195,45.66%,34275419,0.45663030406718
359,비금융회사,롯데케미칼,합계,합계,합계,롯데케미칼 합계,34275419,100.00%,0,0.00%,34275419,100.00%,34275419,1.0
360,비금융회사,케이피켐텍,동일인측,계열회사,계열회사,롯데케미칼,22535,100.00%,0,0.00%,22535,100.00%,22535,1.0
361,비금융회사,케이피켐텍,동일인측,동일인측 합계,동일인측 합계,동일인측 합계,22535,100.00%,0,0.00%,22535,100.00%,22535,1.0
362,비금융회사,케이피켐텍,합계,합계,합계,케이피켐텍 합계,22535,100.00%,0,0.00%,22535,100.00%,22535,1.0
363,비금융회사,롯데엠시시,동일인측,계열회사,계열회사,롯데케미칼,19000000,50.00%,0,0.00%,19000000,50.00%,38000000,0.5
364,비금융회사,롯데엠시시,동일인측,동일인측 합계,동일인측 합계,동일인측 합계,19000000,50.00%,0,0.00%,19000000,50.00%,38000000,0.5
365,비금융회사,롯데엠시시,기타주주,기타,기타,기타,19000000,50.00%,0,0.00%,19000000,50.00%,38000000,0.5
366,비금융회사,롯데엠시시,합계,합계,합계,롯데엠시시 합계,38000000,100.00%,0,0.00%,38000000,100.00%,38000000,1.0
367,비금융회사,삼박엘에프티,동일인측,자기주식,자기주식,삼박엘에프티,1190,0.49%,0,0.00%,1190,0.49%,241906,0.004919266161236183
368,비금융회사,삼박엘에프티,동일인측,계열회사,계열회사,롯데케미칼,240716,99.51%,0,0.00%,240716,99.51%,241906,0.9950807338387638
369,비금융회사,삼박엘에프티,동일인측,동일인측 합계,동일인측 합계,동일인측 합계,241906,100.00%,0,0.00%,241906,100.00%,241906,1.0
370,비금융회사,삼박엘에프티,합계,합계,합계,삼박엘에프티 합계,241906,100.00%,0,0.00%,241906,100.00%,241906,1.0
371,비금융회사,데크항공,동일인측,계열회사,계열회사,롯데케미칼,6857114,100.00%,0,0.00%,6857114,100.00%,6857114,1.0
372,비금융회사,데크항공,동일인측,동일인측 합계,동일인측 합계,동일인측 합계,6857114,100.00%,0,0.00%,6857114,100.00%,6857114,1.0
373,비금융회사,데크항공,합계,합계,합계,데크항공 합계,6857114,100.00%,0,0.00%,6857114,100.00%,6857114,1.0
374,비금융회사,롯데미쓰이화학,동일인측,계열회사,계열회사,롯데케미칼,2000000,50.00%,0,0.00%,2000000,50.00%,4000000,0.5
375,비금융회사,롯데미쓰이화학,동일인측,동일인측 합계,동일인측 합계,동일인측 합계,2000000,50.00%,0,0.00%,2000000,50.00%,4000000,0.5
376,비금융회사,롯데미쓰이화학,기타주주,기타,기타,기타,2000000,50.00%,0,0.00%,2000000,50.00%,4000000,0.5
377,비금융회사,롯데미쓰이화학,합계,합계,합계,롯데미쓰이화학 합계,4000000,100.00%,0,0.00%,4000000,100.00%,4000000,1.0
378,비금융회사,롯데베르살리스엘라스토머스,동일인측,계열회사,계열회사,롯데케미칼,50180001,50.00%,0,0.00%,50180001,50.00%,100360000,0.5000000099641292
379,비금융회사,롯데베르살리스엘라스토머스,동일인측,동일인측 합계,동일인측 합계,동일인측 합계,50180001,50.00%,0,0.00%,50180001,50.00%,100360000,0.5000000099641292
380,비금융회사,롯데베르살리스엘라스토머스,기타주주,기타,기타,기타,50179999,50.00%,0,0.00%,50179999,50.00%,100360000,0.49999999003587087
381,비금융회사,롯데베르살리스엘라스토머스,합계,합계,합계,롯데베르살리스엘라스토머스 합계,100360000,100.00%,0,0.00%,100360000,100.00%,100360000,1.0
382,비금융회사,롯데정밀화학,동일인측,등기된임원,등기된임원,강상호,10,0.00%,0,0.00%,10,0.00%,25800000,3.8759689922480623e-07
383,비금융회사,롯데정밀화학,동일인측,등기된임원,등기된임원,김종길,100,0.00%,0,0.00%,100,0.00%,25800000,3.875968992248062e-06
384,비금융회사,롯데정밀화학,동일인측,자기주식,자기주식,롯데정밀화학,330000,1.28%,0,0.00%,330000,1.28%,25800000,0.012790697674418604
385,비금융회사,롯데정밀화학,동일인측,계열회사,계열회사,롯데케미칼,8031190,31.13%,0,0.00%,8031190,31.13%,25800000,0.31128643410852713
386,비금융회사,롯데정밀화학,동일인측,동일인측 합계,동일인측 합계,동일인측 합계,8361300,32.41%,0,0.00%,8361300,32.41%,25800000,0.32408139534883723
387,비금융회사,롯데정밀화학,기타주주,기타,기타,기타,17438700,67.59%,0,0.00%,17438700,67.59%,25800000,0.6759186046511628
388,비금융회사,롯데정밀화학,합계,합계,합계,롯데정밀화학 합계,25800000,100.00%,0,0.00%,25800000,100.00%,25800000,1.0
389,비금융회사,한덕화학,동일인측,계열회사,계열회사,롯데정밀화학,225000,50.00%,0,0.00%,225000,50.00%,450000,0.5
390,비금융회사,한덕화학,동일인측,동일인측 합계,동일인측 합계,동일인측 합계,225000,50.00%,0,0.00%,225000,50.00%,450000,0.5
391,비금융회사,한덕화학,기타주주,기타,기타,기타,225000,50.00%,0,0.00%,225000,50.00%,450000,0.5
392,비금융회사,한덕화학,합계,합계,합계,한덕화학 합계,450000,100.00%,0,0.00%,450000,100.00%,450000,1.0
393,비금융회사,롯데지에스화학,동일인측,계열회사,계열회사,롯데케미칼,7140000,51.00%,0,0.00%,7140000,51.00%,14000000,0.51
394,비금융회사,롯데지에스화학,동일인측,동일인측 합계,동일인측 합계,동일인측 합계,7140000,51.00%,0,0.00%,7140000,51.00%,14000000,0.51
395,비금융회사,롯데지에스화학,기타주주,기타,기타,기타,6860000,49.00%,0,0.00%,6860000,49.00%,14000000,0.49
396,비금융회사,롯데지에스화학,합계,합계,합계,롯데지에스화학 합계,14000000,100.00%,0,0.00%,14000000,100.00%,14000000,1.0
397,비금융회사,한국후지필름,동일인측,동일인,동일인,신동빈,2051,9.79%,0,0.00%,2051,9.79%,20954,0.0978810728261907
398,비금융회사,한국후지필름,동일인측,친족,혈족2~4촌,신영자,736,3.51%,0,0.00%,736,3.51%,20954,0.03512455855683879
399,비금융회사,한국후지필름,동일인측,친족,친족합계,친족합계,736,3.51%,0,0.00%,736,3.51%,20954,0.03512455855683879
400,비금융회사,한국후지필름,동일인측,자기주식,자기주식,한국후지필름,5,0.02%,0,0.00%,5,0.02%,20954,0.00023861792497852438
401,비금융회사,한국후지필름,동일인측,계열회사,계열회사,롯데지주,15943,76.09%,0,0.00%,15943,76.09%,20954,0.7608571155865229
402,비금융회사,한국후지필름,동일인측,계열회사,계열회사,호텔롯데,1676,8.00%,0,0.00%,1676,8.00%,20954,0.07998472845280137
403,비금융회사,한국후지필름,동일인측,계열회사,계열회사,롯데알미늄,543,2.59%,0,0.00%,543,2.59%,20954,0.025913906652667747
404,비금융회사,한국후지필름,동일인측,동일인측 합계,동일인측 합계,동일인측 합계,20954,100.00%,0,0.00%,20954,100.00%,20954,1.0
405,비금융회사,한국후지필름,합계,합계,합계,한국후지필름 합계,20954,100.00%,0,0.00%,20954,100.00%,20954,1.0
406,비금융회사,롯데알미늄,동일인측,친족,혈족2~4촌,신영자,1315,0.13%,0,0.00%,1315,0.13%,1037840,0.001267054651969475
407,비금융회사,롯데알미늄,동일인측,친족,친족합계,친족합계,1315,0.13%,0,0.00%,1315,0.13%,1037840,0.001267054651969475
408,비금융회사,롯데알미늄,동일인측,계열회사,계열회사,호텔롯데,396765,38.23%,0,0.00%,396765,38.23%,1037840,0.38229881291913975
409,비금융회사,롯데알미늄,동일인측,계열회사,계열회사,부산롯데호텔,40346,3.89%,0,0.00%,40346,3.89%,1037840,0.03887497109381022
410,비금융회사,롯데알미늄,동일인측,해외계열,해외계열,광윤사,237040,22.84%,0,0.00%,237040,22.84%,1037840,0.22839744083866492
411,비금융회사,롯데알미늄,동일인측,해외계열,해외계열,L제2투자회사,362374,34.92%,0,0.00%,362374,34.92%,1037840,0.34916172049641564
412,비금융회사,롯데알미늄,동일인측,동일인측 합계,동일인측 합계,동일인측 합계,1037840,100.00%,0,0.00%,1037840,100.00%,1037840,1.0
413,비금융회사,롯데알미늄,합계,합계,합계,롯데알미늄 합계,1037840,100.00%,0,0.00%,1037840,100.00%,1037840,1.0
414,비금융회사,캐논코리아비즈니스솔루션,동일인측,계열회사,계열회사,롯데지주,892500,50.00%,0,0.00%,892500,50.00%,1785000,0.5
415,비금융회사,캐논코리아비즈니스솔루션,동일인측,동일인측 합계,동일인측 합계,동일인측 합계,892500,50.00%,0,0.00%,892500,50.00%,1785000,0.5
416,비금융회사,캐논코리아비즈니스솔루션,기타주주,동일인측이 아닌 최다주주,동일인측이 아닌 최다주주,일본법인캐논,892500,50.00%,0,0.00%,892500,50.00%,1785000,0.5
417,비금융회사,캐논코리아비즈니스솔루션,합계,합계,합계,캐논코리아비즈니스솔루션 합계,1785000,100.00%,0,0.00%,1785000,100.00%,1785000,1.0
418,비금융회사,엔젤위드,동일인측,계열회사,계열회사,캐논코리아비즈니스솔루션,10000,100.00%,0,0.00%,10000,100.00%,10000,1.0
419,비금융회사,엔젤위드,동일인측,동일인측 합계,동일인측 합계,동일인측 합계,10000,100.00%,0,0.00%,10000,100.00%,10000,1.0
420,비금융회사,엔젤위드,합계,합계,합계,엔젤위드 합계,10000,100.00%,0,0.00%,10000,100.00%,10000,1.0
421,비금융회사,롯데건설,동일인측,동일인,동일인,신동빈,188660,0.59%,0,0.00%,188660,0.59%,32177410,0.005863119499052286
422,비금융회사,롯데건설,동일인측,친족,혈족2~4촌,신영자,46014,0.14%,0,0.00%,46014,0.14%,32177410,0.0014300094382984833
423,비금융회사,롯데건설,동일인측,친족,혈족2~4촌,신동주,120557,0.37%,0,0.00%,120557,0.37%,32177410,0.003746634673207073
424,비금융회사,롯데건설,동일인측,친족,친족합계,친족합계,166571,0.52%,0,0.00%,166571,0.52%,32177410,0.005176644111505556
425,비금융회사,롯데건설,동일인측,계열회사,계열회사,호텔롯데,13858158,43.07%,0,0.00%,13858158,43.07%,32177410,0.430679722202626
426,비금융회사,롯데건설,동일인측,계열회사,계열회사,롯데케미칼,14090111,43.79%,0,0.00%,14090111,43.79%,32177410,0.4378882887093772
427,비금융회사,롯데건설,동일인측,계열회사,계열회사,롯데알미늄,3202442,9.95%,0,0.00%,3202442,9.95%,32177410,0.0995245422176614
428,비금융회사,롯데건설,동일인측,해외계열,해외계열,롯데홀딩스,538497,1.67%,0,0.00%,538497,1.67%,32177410,0.016735249978167912
429,비금융회사,롯데건설,동일인측,동일인측 합계,동일인측 합계,동일인측 합계,32044439,99.59%,0,0.00%,32044439,99.59%,32177410,0.9958675667183903
430,비금융회사,롯데건설,기타주주,기타,기타,기타,132971,0.41%,0,0.00%,132971,0.41%,32177410,0.004132433281609676
431,비금융회사,롯데건설,합계,합계,합계,롯데건설 합계,32177410,100.00%,0,0.00%,32177410,100.00%,32177410,1.0
432,비금융회사,내포그린에너지,동일인측,계열회사,계열회사,롯데건설,5840000,41.67%,0,0.00%,5840000,41.67%,14016001,0.4166666369387388
433,비금융회사,내포그린에너지,동일인측,동일인측 합계,동일인측 합계,동일인측 합계,5840000,41.67%,0,0.00%,5840000,41.67%,14016001,0.4166666369387388
434,비금융회사,내포그린에너지,기타주주,동일인측이 아닌 최다주주,동일인측이 아닌 최다주주,한국남부발전,5840000,41.67%,0,0.00%,5840000,41.67%,14016001,0.4166666369387388
435,비금융회사,내포그린에너지,기타주주,기타,기타,기타,2336001,16.67%,0,0.00%,2336001,16.67%,14016001,0.1666667261225224
436,비금융회사,내포그린에너지,합계,합계,합계,내포그린에너지 합계,14016001,100.00%,0,0.00%,14016001,100.00%,14016001,1.0
437,비금융회사,롯데멤버스,동일인측,동일인,동일인,신동빈,6687,0.27%,0,0.00%,6687,0.27%,2462242,0.002715817535400663
438,비금융회사,롯데멤버스,동일인측,친족,혈족2~4촌,신영자,4194,0.17%,0,0.00%,4194,0.17%,2462242,0.0017033256682324482
439,비금융회사,롯데멤버스,동일인측,친족,혈족2~4촌,신동주,1534,0.06%,0,0.00%,1534,0.06%,2462242,0.0006230094361155403
440,비금융회사,롯데멤버스,동일인측,친족,친족합계,친족합계,5728,0.23%,0,0.00%,5728,0.23%,2462242,0.0023263351043479887
441,비금융회사,롯데멤버스,동일인측,자기주식,자기주식,롯데멤버스,4,0.00%,0,0.00%,4,0.00%,2462242,1.6245356873938466e-06
442,비금융회사,롯데멤버스,동일인측,계열회사,계열회사,롯데지주,2311510,93.88%,0,0.00%,2311510,93.88%,2462242,0.9387826216919377
443,비금융회사,롯데멤버스,동일인측,계열회사,계열회사,부산롯데호텔,25151,1.02%,0,0.00%,25151,1.02%,2462242,0.01021467426841066
444,비금융회사,롯데멤버스,동일인측,계열회사,계열회사,롯데캐피탈,113162,4.60%,0,0.00%,113162,4.60%,2462242,0.04595892686421562
445,비금융회사,롯데멤버스,동일인측,동일인측 합계,동일인측 합계,동일인측 합계,2462242,100.00%,0,0.00%,2462242,100.00%,2462242,1.0
446,비금융회사,롯데멤버스,합계,합계,합계,롯데멤버스 합계,2462242,100.00%,0,0.00%,2462242,100.00%,2462242,1.0
447,비금융회사,롯데상사,동일인측,동일인,동일인,신동빈,16549,8.01%,0,0.00%,16549,8.01%,206542,0.08012413940021884
448,비금융회사,롯데상사,동일인측,친족,혈족2~4촌,신영자,2753,1.33%,0,0.00%,2753,1.33%,206542,0.013329008143622121
449,비금융회사,롯데상사,동일인측,친족,친족합계,친족합계,2753,1.33%,0,0.00%,2753,1.33%,206542,0.013329008143622121
450,비금융회사,롯데상사,동일인측,비영리법인,비영리법인,(재)롯데문화재단,790,0.38%,0,0.00%,790,0.38%,206542,0.0038248879162591626
451,비금융회사,롯데상사,동일인측,자기주식,자기주식,롯데상사,16586,8.03%,0,0.00%,16586,8.03%,206542,0.08030327972034744
452,비금융회사,롯데상사,동일인측,계열회사,계열회사,롯데지주,85442,41.37%,0,0.00%,85442,41.37%,206542,0.41367857384938655
453,비금융회사,롯데상사,동일인측,계열회사,계열회사,호텔롯데,71539,34.64%,0,0.00%,71539,34.64%,206542,0.34636538815349904
454,비금융회사,롯데상사,동일인측,계열회사,계열회사,롯데알미늄,12883,6.24%,0,0.00%,12883,6.24%,206542,0.062374722816666825
455,비금융회사,롯데상사,동일인측,동일인측 합계,동일인측 합계,동일인측 합계,206542,100.00%,0,0.00%,206542,100.00%,206542,1.0
456,비금융회사,롯데상사,합계,합계,합계,롯데상사 합계,206542,100.00%,0,0.00%,206542,100.00%,206542,1.0
457,비금융회사,롯데글로벌로지스,동일인측,등기된임원,등기된임원,남도기,603,0.00%,0,0.00%,603,0.00%,34172005,1.7646023404245667e-05
458,비금융회사,롯데글로벌로지스,동일인측,자기주식,자기주식,롯데글로벌로지스,4680,0.01%,0,0.00%,4680,0.01%,34172005,0.000136954211495638
459,비금융회사,롯데글로벌로지스,동일인측,계열회사,계열회사,롯데지주,15236018,44.59%,0,0.00%,15236018,44.59%,34172005,0.4458625708383222
460,비금융회사,롯데글로벌로지스,동일인측,계열회사,계열회사,호텔롯데,3714255,10.87%,0,0.00%,3714255,10.87%,34172005,0.10869291983306217
461,비금융회사,롯데글로벌로지스,동일인측,계열회사,계열회사,롯데케미칼,495732,1.45%,0,0.00%,495732,1.45%,34172005,0.014506962643836673
462,비금융회사,롯데글로벌로지스,동일인측,해외계열,해외계열,L제2투자회사,4844729,14.18%,0,0.00%,4844729,14.18%,34172005,0.14177479489424163
463,비금융회사,롯데글로벌로지스,동일인측,동일인측 합계,동일인측 합계,동일인측 합계,24296017,71.10%,0,0.00%,24296017,71.10%,34172005,0.7109918484443626
464,비금융회사,롯데글로벌로지스,기타주주,동일인측이 아닌 최다주주,동일인측이 아닌 최다주주,엘엘에이치(유),7472161,21.87%,0,0.00%,7472161,21.87%,34172005,0.21866323032552523
465,비금융회사,롯데글로벌로지스,기타주주,기타,기타,기타,2403827,7.03%,0,0.00%,2403827,7.03%,34172005,0.0703449212301122
466,비금융회사,롯데글로벌로지스,합계,합계,합계,롯데글로벌로지스 합계,34172005,100.00%,0,0.00%,34172005,100.00%,34172005,1.0
467,비금융회사,롯데코스코쉬핑로지스,동일인측,계열회사,계열회사,롯데글로벌로지스,510000,51.00%,0,0.00%,510000,51.00%,1000000,0.51
468,비금융회사,롯데코스코쉬핑로지스,동일인측,동일인측 합계,동일인측 합계,동일인측 합계,510000,51.00%,0,0.00%,510000,51.00%,1000000,0.51
469,비금융회사,롯데코스코쉬핑로지스,기타주주,기타,기타,기타,490000,49.00%,0,0.00%,490000,49.00%,1000000,0.49
470,비금융회사,롯데코스코쉬핑로지스,합계,합계,합계,롯데코스코쉬핑로지스 합계,1000000,100.00%,0,0.00%,1000000,100.00%,1000000,1.0
471,비금융회사,롯데렌탈,동일인측,계열회사,계열회사,호텔롯데,3021454,25.67%,0,0.00%,3021454,25.67%,11769200,0.2567255208510349
472,비금융회사,롯데렌탈,동일인측,계열회사,계열회사,부산롯데호텔,2286456,19.43%,0,0.00%,2286456,19.43%,11769200,0.19427454712299902
473,비금융회사,롯데렌탈,동일인측,동일인측 합계,동일인측 합계,동일인측 합계,5307910,45.10%,0,0.00%,5307910,45.10%,11769200,0.4510000679740339
474,비금융회사,롯데렌탈,기타주주,기타,기타,기타,6461290,54.90%,0,0.00%,6461290,54.90%,11769200,0.5489999320259661
475,비금융회사,롯데렌탈,합계,합계,합계,롯데렌탈 합계,11769200,100.00%,0,0.00%,11769200,100.00%,11769200,1.0
476,비금융회사,제이지산업,동일인측,계열회사,계열회사,롯데렌탈,2000,100.00%,0,0.00%,2000,100.00%,2000,1.0
477,비금융회사,제이지산업,동일인측,동일인측 합계,동일인측 합계,동일인측 합계,2000,100.00%,0,0.00%,2000,100.00%,2000,1.0
478,비금융회사,제이지산업,합계,합계,합계,제이지산업 합계,2000,100.00%,0,0.00%,2000,100.00%,2000,1.0
479,비금융회사,롯데오토케어,동일인측,계열회사,계열회사,롯데렌탈,200000,100.00%,0,0.00%,200000,100.00%,200000,1.0
480,비금융회사,롯데오토케어,동일인측,동일인측 합계,동일인측 합계,동일인측 합계,200000,100.00%,0,0.00%,200000,100.00%,200000,1.0
481,비금융회사,롯데오토케어,합계,합계,합계,롯데오토케어 합계,200000,100.00%,0,0.00%,200000,100.00%,200000,1.0
482,비금융회사,그린카,동일인측,계열회사,계열회사,롯데렌탈,425940,84.71%,0,0.00%,425940,84.71%,502846,0.8470585427745274
483,비금융회사,그린카,동일인측,동일인측 합계,동일인측 합계,동일인측 합계,425940,84.71%,0,0.00%,425940,84.71%,502846,0.8470585427745274
484,비금융회사,그린카,기타주주,기타,기타,기타,76906,15.29%,0,0.00%,76906,15.29%,502846,0.15294145722547262
485,비금융회사,그린카,합계,합계,합계,그린카 합계,502846,100.00%,0,0.00%,502846,100.00%,502846,1.0
486,비금융회사,이지고,동일인측,계열회사,계열회사,롯데글로벌로지스,40000,40.00%,0,0.00%,40000,40.00%,100000,0.4
487,비금융회사,이지고,동일인측,동일인측 합계,동일인측 합계,동일인측 합계,40000,40.00%,0,0.00%,40000,40.00%,100000,0.4
488,비금융회사,이지고,기타주주,동일인측이 아닌 최다주주,동일인측이 아닌 최다주주,델레오코리아,40000,40.00%,0,0.00%,40000,40.00%,100000,0.4
489,비금융회사,이지고,기타주주,기타,기타,기타,20000,20.00%,0,0.00%,20000,20.00%,100000,0.2
490,비금융회사,이지고,합계,합계,합계,이지고 합계,100000,100.00%,0,0.00%,100000,100.00%,100000,1.0
491,비금융회사,롯데정보통신,동일인측,등기된임원,등기된임원,마용득,3141,0.02%,0,0.00%,3141,0.02%,15396331,0.0002040096435962568
492,비금융회사,롯데정보통신,동일인측,등기된임원,등기된임원,오광우,1297,0.01%,0,0.00%,1297,0.01%,15396331,8.424084932962275e-05
493,비금융회사,롯데정보통신,동일인측,등기된임원,등기된임원,노준형,1842,0.01%,0,0.00%,1842,0.01%,15396331,0.00011963889318825374
494,비금융회사,롯데정보통신,동일인측,등기된임원,등기된임원,정호석,3400,0.02%,0,0.00%,3400,0.02%,15396331,0.0002208318332465053
495,비금융회사,롯데정보통신,동일인측,등기된임원,등기된임원,이동진,2,0.00%,0,0.00%,2,0.00%,15396331,1.2990107838029724e-07
496,비금융회사,롯데정보통신,동일인측,등기된임원,등기된임원,정찬우,215,0.00%,0,0.00%,215,0.00%,15396331,1.3964365925881952e-05
497,비금융회사,롯데정보통신,동일인측,등기된임원,등기된임원,모영문,92,0.00%,0,0.00%,92,0.00%,15396331,5.975449605493673e-06
498,비금융회사,롯데정보통신,동일인측,등기된임원,등기된임원,이호우,1130,0.01%,0,0.00%,1130,0.01%,15396331,7.339410928486793e-05
499,비금융회사,롯데정보통신,동일인측,자기주식,자기주식,롯데정보통신,266964,1.73%,0,0.00%,266964,1.73%,15396331,0.017339455744358835
500,비금융회사,롯데정보통신,동일인측,계열회사,계열회사,롯데지주,10000000,64.95%,0,0.00%,10000000,64.95%,15396331,0.6495053919014862
501,비금융회사,롯데정보통신,동일인측,동일인측 합계,동일인측 합계,동일인측 합계,10278083,66.76%,0,0.00%,10278083,66.76%,15396331,0.6675670326911002
502,비금융회사,롯데정보통신,기타주주,기타,기타,기타,5118248,33.24%,0,0.00%,5118248,33.24%,15396331,0.33243296730889976
503,비금융회사,롯데정보통신,합계,합계,합계,롯데정보통신 합계,15396331,100.00%,0,0.00%,15396331,100.00%,15396331,1.0
504,비금융회사,대홍기획,동일인측,친족,혈족2~4촌,신영자,261,6.24%,0,0.00%,261,6.24%,4185,0.06236559139784946
505,비금융회사,대홍기획,동일인측,친족,친족합계,친족합계,261,6.24%,0,0.00%,261,6.24%,4185,0.06236559139784946
506,비금융회사,대홍기획,동일인측,비영리법인,비영리법인,(재)롯데장학재단,209,4.99%,0,0.00%,209,4.99%,4185,0.04994026284348865
507,비금융회사,대홍기획,동일인측,자기주식,자기주식,대홍기획,2,0.05%,0,0.00%,2,0.05%,4185,0.00047789725209080046
508,비금융회사,대홍기획,동일인측,계열회사,계열회사,롯데지주,2875,68.70%,0,0.00%,2875,68.70%,4185,0.6869772998805257
509,비금융회사,대홍기획,동일인측,계열회사,계열회사,호텔롯데,838,20.02%,0,0.00%,838,20.02%,4185,0.2002389486260454
510,비금융회사,대홍기획,동일인측,동일인측 합계,동일인측 합계,동일인측 합계,4185,100.00%,0,0.00%,4185,100.00%,4185,1.0
511,비금융회사,대홍기획,합계,합계,합계,대홍기획 합계,4185,100.00%,0,0.00%,4185,100.00%,4185,1.0
512,비금융회사,모비쟆미디어,동일인측,계열회사,계열회사,대홍기획,70000,70.00%,0,0.00%,70000,70.00%,100000,0.7
513,비금융회사,모비쟆미디어,동일인측,동일인측 합계,동일인측 합계,동일인측 합계,70000,70.00%,0,0.00%,70000,70.00%,100000,0.7
514,비금융회사,모비쟆미디어,기타주주,기타,기타,칼라짚코리아,30000,30.00%,0,0.00%,30000,30.00%,100000,0.3
515,비금융회사,모비쟆미디어,합계,합계,합계,모비쟆미디어 합계,100000,100.00%,0,0.00%,100000,100.00%,100000,1.0
516,비금융회사,엠허브,동일인측,계열회사,계열회사,대홍기획,400600,99.90%,0,0.00%,400600,99.90%,401000,0.999002493765586
517,비금융회사,엠허브,동일인측,동일인측 합계,동일인측 합계,동일인측 합계,400600,99.90%,0,0.00%,400600,99.90%,401000,0.999002493765586
518,비금융회사,엠허브,기타주주,기타,기타,기타,400,0.10%,0,0.00%,400,0.10%,401000,0.000997506234413965
519,비금융회사,엠허브,합계,합계,합계,엠허브 합계,401000,100.00%,0,0.00%,401000,100.00%,401000,1.0
520,비금융회사,롯데미래전략연구소,동일인측,계열회사,계열회사,롯데지주,2000000,100.00%,0,0.00%,2000000,100.00%,2000000,1.0
521,비금융회사,롯데미래전략연구소,동일인측,동일인측 합계,동일인측 합계,동일인측 합계,2000000,100.00%,0,0.00%,2000000,100.00%,2000000,1.0
522,비금융회사,롯데미래전략연구소,합계,합계,합계,롯데미래전략연구소 합계,2000000,100.00%,0,0.00%,2000000,100.00%,2000000,1.0
523,비금융회사,롯데자이언츠,동일인측,계열회사,계열회사,롯데지주,5719000,95.00%,0,0.00%,5719000,95.00%,6020000,0.95
524,비금융회사,롯데자이언츠,동일인측,계열회사,계열회사,롯데알미늄,301000,5.00%,0,0.00%,301000,5.00%,6020000,0.05
525,비금융회사,롯데자이언츠,동일인측,동일인측 합계,동일인측 합계,동일인측 합계,6020000,100.00%,0,0.00%,6020000,100.00%,6020000,1.0
526,비금융회사,롯데자이언츠,합계,합계,합계,롯데자이언츠 합계,6020000,100.00%,0,0.00%,6020000,100.00%,6020000,1.0
527,비금융회사,씨텍,동일인측,계열회사,계열회사,롯데케미칼,3325680,50.00%,0,0.00%,3325680,50.00%,6651360,0.5
528,비금융회사,씨텍,동일인측,동일인측 합계,동일인측 합계,동일인측 합계,3325680,50.00%,0,0.00%,3325680,50.00%,6651360,0.5
529,비금융회사,씨텍,기타주주,동일인측이 아닌 최다주주,동일인측이 아닌 최다주주,LG화학,3325680,50.00%,0,0.00%,3325680,50.00%,6651360,0.5
530,비금융회사,씨텍,합계,합계,합계,씨텍 합계,6651360,100.00%,0,0.00%,6651360,100.00%,6651360,1.0
531,비금융회사,롯데제이티비,동일인측,계열회사,계열회사,롯데쇼핑,4400000,50.00%,0,0.00%,4400000,50.00%,8800000,0.5
532,비금융회사,롯데제이티비,동일인측,동일인측 합계,동일인측 합계,동일인측 합계,4400000,50.00%,0,0.00%,4400000,50.00%,8800000,0.5
533,비금융회사,롯데제이티비,기타주주,동일인측이 아닌 최다주주,동일인측이 아닌 최다주주,JTB,4400000,50.00%,0,0.00%,4400000,50.00%,8800000,0.5
534,비금융회사,롯데제이티비,합계,합계,합계,롯데제이티비 합계,8800000,100.00%,0,0.00%,8800000,100.00%,8800000,1.0
535,비금융회사,롯데자산개발,동일인측,계열회사,계열회사,롯데지주,24372719,60.47%,0,0.00%,24372719,60.47%,40302235,0.6047485703956617
536,비금융회사,롯데자산개발,동일인측,계열회사,계열회사,호텔롯데,2896038,7.19%,0,0.00%,2896038,7.19%,40302235,0.07185799993474307
537,비금융회사,롯데자산개발,동일인측,계열회사,계열회사,롯데물산,13033478,32.34%,0,0.00%,13033478,32.34%,40302235,0.3233934296695952
538,비금융회사,롯데자산개발,동일인측,동일인측 합계,동일인측 합계,동일인측 합계,40302235,100.00%,0,0.00%,40302235,100.00%,40302235,1.0
539,비금융회사,롯데자산개발,합계,합계,합계,롯데자산개발 합계,40302235,100.00%,0,0.00%,40302235,100.00%,40302235,1.0
540,비금융회사,마곡지구피에프브이,동일인측,계열회사,계열회사,롯데자산개발,275000,100.00%,0,0.00%,275000,100.00%,275000,1.0
541,비금융회사,마곡지구피에프브이,동일인측,동일인측 합계,동일인측 합계,동일인측 합계,275000,100.00%,0,0.00%,275000,100.00%,275000,1.0
542,비금융회사,마곡지구피에프브이,합계,합계,합계,마곡지구피에프브이 합계,275000,100.00%,0,0.00%,275000,100.00%,275000,1.0
543,비금융회사,은평피에프브이,동일인측,계열회사,계열회사,롯데자산개발,1740000,100.00%,260000,100.00%,2000000,100.00%,2000000,1.0
544,비금융회사,은평피에프브이,동일인측,동일인측 합계,동일인측 합계,동일인측 합계,1740000,100.00%,260000,100.00%,2000000,100.00%,2000000,1.0
545,비금융회사,은평피에프브이,합계,합계,합계,은평피에프브이 합계,1740000,100.00%,260000,100.00%,2000000,100.00%,2000000,1.0
546,비금융회사,롯데쇼핑타운대구,동일인측,계열회사,계열회사,롯데자산개발,4000000,100.00%,0,0.00%,4000000,100.00%,4000000,1.0
547,비금융회사,롯데쇼핑타운대구,동일인측,동일인측 합계,동일인측 합계,동일인측 합계,4000000,100.00%,0,0.00%,4000000,100.00%,4000000,1.0
548,비금융회사,롯데쇼핑타운대구,합계,합계,합계,롯데쇼핑타운대구 합계,4000000,100.00%,0,0.00%,4000000,100.00%,4000000,1.0
549,비금융회사,거제피에프브이,동일인측,계열회사,계열회사,롯데자산개발,475000,100.00%,0,0.00%,475000,95.00%,500000,0.95
550,비금융회사,거제피에프브이,동일인측,동일인측 합계,동일인측 합계,동일인측 합계,475000,100.00%,0,0.00%,475000,95.00%,500000,0.95
551,비금융회사,거제피에프브이,기타주주,기타,기타,기타,0,0.00%,25000,100.00%,25000,5.00%,500000,0.05
552,비금융회사,거제피에프브이,합계,합계,합계,거제피에프브이 합계,475000,100.00%,25000,100.00%,500000,100.00%,500000,1.0
553,비금융회사,롯데에이엠씨,동일인측,계열회사,계열회사,롯데지주,2000000,100.00%,0,0.00%,2000000,100.00%,2000000,1.0
554,비금융회사,롯데에이엠씨,동일인측,동일인측 합계,동일인측 합계,동일인측 합계,2000000,100.00%,0,0.00%,2000000,100.00%,2000000,1.0
555,비금융회사,롯데에이엠씨,합계,합계,합계,롯데에이엠씨 합계,2000000,100.00%,0,0.00%,2000000,100.00%,2000000,1.0
556,비금융회사,롯데위탁관리부동산투자회사,동일인측,계열회사,계열회사,롯데쇼핑,85984442,50.00%,0,0.00%,85984442,50.00%,171968884,0.5
557,비금융회사,롯데위탁관리부동산투자회사,동일인측,동일인측 합계,동일인측 합계,동일인측 합계,85984442,50.00%,0,0.00%,85984442,50.00%,171968884,0.5
558,비금융회사,롯데위탁관리부동산투자회사,기타주주,기타,기타,기타,85984442,50.00%,0,0.00%,85984442,50.00%,171968884,0.5
559,비금융회사,롯데위탁관리부동산투자회사,합계,합계,합계,롯데위탁관리부동산투자회사 합계,171968884,100.00%,0,0.00%,171968884,100.00%,171968884,1.0
560,비금융회사,서울복합물류자산관리,동일인측,계열회사,계열회사,롯데글로벌로지스,37550,37.55%,-,-,37550,37.55%,100000,0.3755
561,비금융회사,서울복합물류자산관리,동일인측,동일인측 합계,동일인측 합계,동일인측 합계,37550,37.55%,-,-,37550,37.55%,100000,0.3755
562,비금융회사,서울복합물류자산관리,기타주주,동일인측이 아닌 최다주주,동일인측이 아닌 최다주주,한진,37550,37.55%,-,-,37550,37.55%,100000,0.3755
563,비금융회사,서울복합물류자산관리,,기타,기타,기타,24900,24.90%,-,-,24900,24.90%,100000,0.249
564,비금융회사,서울복합물류자산관리,합계,합계,합계,서울복합물류자산관리 합계,100000,100%,-,-,100000,100%,100000,1.0
565,비금융회사,서울복합물류프로젝트금융투자,동일인측,계열회사,계열회사,롯데글로벌로지스,3755000,37.55%,-,-,3755000,37.55%,10000000,0.3755
566,비금융회사,서울복합물류프로젝트금융투자,동일인측,동일인측 합계,동일인측 합계,동일인측 합계,3755000,37.55%,-,-,3755000,37.55%,10000000,0.3755
567,비금융회사,서울복합물류프로젝트금융투자,기타주주,동일인측이 아닌 최다주주,동일인측이 아닌 최다주주,한진,3755000,37.55%,-,-,3755000,37.55%,10000000,0.3755
568,비금융회사,서울복합물류프로젝트금융투자,,기타,기타,기타,2490000,24.90%,-,-,2490000,24.90%,10000000,0.249
569,비금융회사,서울복합물류프로젝트금융투자,합계,합계,합계,서울복합물류프로젝트금융투자 합계,10000000,100%,-,-,10000000,100%,10000000,1.0
570,비금융회사,에스앤에스인터내셔날,동일인측,친족,혈족 2촌~4촌,신영자,55000,55.00%,0,0.00%,55000,55.00%,100000,0.55
571,비금융회사,에스앤에스인터내셔날,동일인측,친족,혈족 2촌~4촌,장혜선,15000,15.00%,0,0.00%,15000,15.00%,100000,0.15
572,비금융회사,에스앤에스인터내셔날,동일인측,친족,혈족 2촌~4촌,장선윤,15000,15.00%,0,0.00%,15000,15.00%,100000,0.15
573,비금융회사,에스앤에스인터내셔날,동일인측,친족,혈족 2촌~4촌,장정안,15000,15.00%,0,0.00%,15000,15.00%,100000,0.15
574,비금융회사,에스앤에스인터내셔날,동일인측,친족합계,친족합계,,100000,100%,0,0.00%,100000,100%,100000,1.0
575,비금융회사,에스앤에스인터내셔날,동일인측,동일인측 합계,동일인측 합계,동일인측 합계,100000,100%,0,0.00%,100000,100%,100000,1.0
576,비금융회사,에스앤에스인터내셔날,합계,합계,합계,에스앤에스인터내셔날 합계,100000,100%,0,0.00%,100000,100%,100000,1.0
577,비금융회사,에스디제이,동일인측,친족,혈족 2촌~4촌,신동주,10020000,100%,0,0%,10020000,100%,10020000,1.0
578,비금융회사,에스디제이,동일인측,친족합계,친족합계,,10020000,100%,0,0%,10020000,100%,10020000,1.0
579,비금융회사,에스디제이,동일인측,동일인측 합계,동일인측 합계,동일인측 합계,10020000,100%,0,0%,10020000,100%,10020000,1.0
580,비금융회사,에스디제이,합계,합계,합계,에스디제이 합계,10020000,100%,0,0%,10020000,100%,10020000,1.0
581,금융회사,롯데캐피탈,동일인측,동일인,동일인,신동빈,284704,0.86%,0,0.00%,284704,0.86%,33297512,0.008550308503530234
582,금융회사,롯데캐피탈,동일인측,친족,혈족2~4촌,신영자,177936,0.53%,0,0.00%,177936,0.53%,33297512,0.005343822685610865
583,금융회사,롯데캐피탈,동일인측,친족,혈족2~4촌,신동주,177936,0.53%,0,0.00%,177936,0.53%,33297512,0.005343822685610865
584,금융회사,롯데캐피탈,동일인측,친족,친족합계,친족합계,355872,1.07%,0,0.00%,355872,1.07%,33297512,0.01068764537122173
585,금융회사,롯데캐피탈,동일인측,비영리법인,비영리법인,(재)롯데장학재단,158400,0.48%,0,0.00%,158400,0.48%,33297512,0.0047571121830363786
586,금융회사,롯데캐피탈,동일인측,계열회사,계열회사,호텔롯데,13109103,39.37%,0,0.00%,13109103,39.37%,33297512,0.39369617165390614
587,금융회사,롯데캐피탈,동일인측,계열회사,계열회사,부산롯데호텔,3817895,11.47%,0,0.00%,3817895,11.47%,33297512,0.1146600682957934
588,금융회사,롯데캐피탈,동일인측,해외계열,해외계열,광윤사,639200,1.92%,0,0.00%,639200,1.92%,33297512,0.019196629465889223
589,금융회사,롯데캐피탈,동일인측,해외계열,해외계열,롯데파이낸셜,12468338,37.45%,0,0.00%,12468338,37.45%,33297512,0.37445254167939035
590,금융회사,롯데캐피탈,동일인측,동일인측 합계,동일인측 합계,동일인측 합계,30833512,92.60%,0,0.00%,30833512,92.60%,33297512,0.9260004771527675
591,금융회사,롯데캐피탈,기타주주,기타,기타,기타,2464000,7.40%,0,0.00%,2464000,7.40%,33297512,0.07399952284723255
592,금융회사,롯데캐피탈,합계,합계,합계,롯데캐피탈 합계,33297512,100.00%,0,0.00%,33297512,100.00%,33297512,1.0
593,금융회사,롯데오토리스,동일인측,계열회사,계열회사,롯데렌탈,8000000,100.00%,0,0.00%,8000000,100.00%,8000000,1.0
594,금융회사,롯데오토리스,동일인측,동일인측 합계,동일인측 합계,동일인측 합계,8000000,100.00%,0,0.00%,8000000,100.00%,8000000,1.0
595,금융회사,롯데오토리스,합계,합계,합계,롯데오토리스 합계,8000000,100.00%,0,0.00%,8000000,100.00%,8000000,1.0
596,금융회사,롯데액셀러레이터,동일인측,동일인,동일인,신동빈,1000000,19.99%,0,0.00%,1000000,19.99%,5003600,0.19985610360540412
597,금융회사,롯데액셀러레이터,동일인측,계열회사,계열회사,호텔롯데,1500000,29.98%,0,0.00%,1500000,29.98%,5003600,0.29978415540810616
598,금융회사,롯데액셀러레이터,동일인측,계열회사,계열회사,롯데케미칼,500000,9.99%,0,0.00%,500000,9.99%,5003600,0.09992805180270206
599,금융회사,롯데액셀러레이터,동일인측,동일인측 합계,동일인측 합계,동일인측 합계,3000000,59.96%,0,0.00%,3000000,59.96%,5003600,0.5995683108162123
600,금융회사,롯데액셀러레이터,기타주주,동일인측이 아닌 최다주주,동일인측이 아닌 최다주주,하나금융투자,999800,19.98%,0,0.00%,999800,19.98%,5003600,0.19981613238468302
601,금융회사,롯데액셀러레이터,기타주주,동일인측이 아닌 최다주주,동일인측이 아닌 최다주주,KB증권,999800,19.98%,0,0.00%,999800,19.98%,5003600,0.19981613238468302
602,금융회사,롯데액셀러레이터,기타주주,기타,기타,기타,4000,0.08%,0,0.00%,4000,0.08%,5003600,0.0007994244144216165
603,금융회사,롯데액셀러레이터,합계,합계,합계,롯데액셀러레이터 합계,5003600,100.00%,0,0.00%,5003600,100.00%,5003600,1.0
